{
  "count": 10,
  "total": 30,
  "content": [
    {
      "id": "PPS_CONTENT_12363~PPS_INSTANCE_19464~pvr",
      "resource": "contentInstance",
      "type": "pvr",
      "startDateTime": "2017-01-18T15:30:00.000Z",
      "duration": 489000,
      "recordingState": "ended",
      "content": {
        "id": "PPS_CONTENT_12363~PPS_INSTANCE_19464~pvr",
        "resource": "content",
        "type": "standalone",
        "title": "Diving With Dolphins",
        "duration": 489000,
        "parentalRating": {
          "name": "no mapping"
        },
        "locator": "0",
        "_links": {
          "self": {
            "href": "/content/PPS_CONTENT_12363~PPS_INSTANCE_19464"
          }
        }
      },
      "channel": {
        "id": "10",
        "name": "Nature Underwater",
        "media": [
          {
            "type": "regular",
            "mimeType": "image/png",
            "url": "http://ih-lb-vip.spvsstmedmz.cisco.com/images/LogosPNG/color/two_channel.png",
            "height": 84,
            "width": 210
          }
        ]
      },
      "_links": {
        "self": {
          "href": "/contentInstances/PPS_CONTENT_12363~PPS_INSTANCE_19464~pvr"
        }
      }
    },
    {
      "id": "PPS_CONTENT_12321~PPS_INSTANCE_19455~pvr",
      "resource": "contentInstance",
      "type": "pvr",
      "startDateTime": "2017-01-18T15:00:00.000Z",
      "duration": 1940000,
      "recordingState": "ended",
      "content": {
        "id": "PPS_CONTENT_12321~PPS_INSTANCE_19455~pvr",
        "resource": "content",
        "type": "standalone",
        "title": "Invasion of the Jellyfish",
        "duration": 1940000,
        "parentalRating": {
          "name": "no mapping"
        },
        "locator": "1",
        "_links": {
          "self": {
            "href": "/content/PPS_CONTENT_12321~PPS_INSTANCE_19455"
          }
        }
      },
      "channel": {
        "id": "10",
        "name": "Nature Underwater",
        "media": [
          {
            "type": "regular",
            "mimeType": "image/png",
            "url": "http://ih-lb-vip.spvsstmedmz.cisco.com/images/LogosPNG/color/two_channel.png",
            "height": 84,
            "width": 210
          }
        ]
      },
      "_links": {
        "self": {
          "href": "/contentInstances/PPS_CONTENT_12321~PPS_INSTANCE_19455~pvr"
        }
      }
    },
    {
      "id": "PPS_CONTENT_12298~PPS_INSTANCE_19446~pvr",
      "resource": "contentInstance",
      "type": "pvr",
      "startDateTime": "2017-01-18T14:30:00.000Z",
      "duration": 1672000,
      "recordingState": "ended",
      "content": {
        "id": "PPS_CONTENT_12298~PPS_INSTANCE_19446~pvr",
        "resource": "content",
        "type": "standalone",
        "title": "Moving Art: Underwater",
        "duration": 1672000,
        "parentalRating": {
          "name": "no mapping"
        },
        "locator": "2",
        "_links": {
          "self": {
            "href": "/content/PPS_CONTENT_12298~PPS_INSTANCE_19446"
          }
        }
      },
      "channel": {
        "id": "10",
        "name": "Nature Underwater",
        "media": [
          {
            "type": "regular",
            "mimeType": "image/png",
            "url": "http://ih-lb-vip.spvsstmedmz.cisco.com/images/LogosPNG/color/two_channel.png",
            "height": 84,
            "width": 210
          }
        ]
      },
      "_links": {
        "self": {
          "href": "/contentInstances/PPS_CONTENT_12298~PPS_INSTANCE_19446~pvr"
        }
      }
    },
    {
      "id": "PPS_CONTENT_12265~PPS_INSTANCE_19438~pvr",
      "resource": "contentInstance",
      "type": "pvr",
      "startDateTime": "2017-01-18T14:00:00.000Z",
      "duration": 1800000,
      "recordingState": "inProgress",
      "content": {
        "id": "PPS_CONTENT_12265~PPS_INSTANCE_19438~pvr",
        "resource": "content",
        "type": "standalone",
        "title": "Under the Sea",
        "duration": 1800000,
        "parentalRating": {
          "name": "no mapping"
        },
        "locator": "3",
        "_links": {
          "self": {
            "href": "/content/PPS_CONTENT_12265~PPS_INSTANCE_19438"
          }
        }
      },
      "channel": {
        "id": "10",
        "name": "Nature Underwater",
        "media": [
          {
            "type": "regular",
            "mimeType": "image/png",
            "url": "http://ih-lb-vip.spvsstmedmz.cisco.com/images/LogosPNG/color/two_channel.png",
            "height": 84,
            "width": 210
          }
        ]
      },
      "_links": {
        "self": {
          "href": "/contentInstances/PPS_CONTENT_12265~PPS_INSTANCE_19438~pvr"
        }
      }
    },
    {
      "id": "PPS_CONTENT_12246~PPS_INSTANCE_19428~pvr",
      "resource": "contentInstance",
      "type": "pvr",
      "startDateTime": "2017-01-18T13:30:00.000Z",
      "duration": 319000,
      "recordingState": "ended",
      "content": {
        "id": "PPS_CONTENT_12246~PPS_INSTANCE_19428~pvr",
        "resource": "content",
        "type": "standalone",
        "title": "Wild Ocean",
        "duration": 319000,
        "parentalRating": {
          "name": "no mapping"
        },
        "locator": "4",
        "_links": {
          "self": {
            "href": "/content/PPS_CONTENT_12246~PPS_INSTANCE_19428"
          }
        }
      },
      "channel": {
        "id": "10",
        "name": "Nature Underwater",
        "media": [
          {
            "type": "regular",
            "mimeType": "image/png",
            "url": "http://ih-lb-vip.spvsstmedmz.cisco.com/images/LogosPNG/color/two_channel.png",
            "height": 84,
            "width": 210
          }
        ]
      },
      "_links": {
        "self": {
          "href": "/contentInstances/PPS_CONTENT_12246~PPS_INSTANCE_19428~pvr"
        }
      }
    },
    {
      "id": "PPS_CONTENT_12212~PPS_INSTANCE_19418~pvr",
      "resource": "contentInstance",
      "type": "pvr",
      "startDateTime": "2017-01-18T13:00:00.000Z",
      "duration": 1916000,
      "recordingState": "ended",
      "content": {
        "id": "PPS_CONTENT_12212~PPS_INSTANCE_19418~pvr",
        "resource": "content",
        "type": "standalone",
        "title": "Diving With Dolphins",
        "duration": 1916000,
        "parentalRating": {
          "name": "no mapping"
        },
        "locator": "5",
        "_links": {
          "self": {
            "href": "/content/PPS_CONTENT_12212~PPS_INSTANCE_19418"
          }
        }
      },
      "channel": {
        "id": "10",
        "name": "Nature Underwater",
        "media": [
          {
            "type": "regular",
            "mimeType": "image/png",
            "url": "http://ih-lb-vip.spvsstmedmz.cisco.com/images/LogosPNG/color/two_channel.png",
            "height": 84,
            "width": 210
          }
        ]
      },
      "_links": {
        "self": {
          "href": "/contentInstances/PPS_CONTENT_12212~PPS_INSTANCE_19418~pvr"
        }
      }
    },
    {
      "id": "PPS_CONTENT_12193~PPS_INSTANCE_19409~pvr",
      "resource": "contentInstance",
      "type": "pvr",
      "startDateTime": "2017-01-18T12:30:00.000Z",
      "duration": 340000,
      "recordingState": "ended",
      "content": {
        "id": "PPS_CONTENT_12193~PPS_INSTANCE_19409~pvr",
        "resource": "content",
        "type": "standalone",
        "title": "Invasion of the Jellyfish",
        "duration": 340000,
        "parentalRating": {
          "name": "no mapping"
        },
        "locator": "6",
        "_links": {
          "self": {
            "href": "/content/PPS_CONTENT_12193~PPS_INSTANCE_19409"
          }
        }
      },
      "channel": {
        "id": "10",
        "name": "Nature Underwater",
        "media": [
          {
            "type": "regular",
            "mimeType": "image/png",
            "url": "http://ih-lb-vip.spvsstmedmz.cisco.com/images/LogosPNG/color/two_channel.png",
            "height": 84,
            "width": 210
          }
        ]
      },
      "_links": {
        "self": {
          "href": "/contentInstances/PPS_CONTENT_12193~PPS_INSTANCE_19409~pvr"
        }
      }
    },
    {
      "id": "PPS_CONTENT_12081~PPS_INSTANCE_19374~pvr",
      "resource": "contentInstance",
      "type": "pvr",
      "startDateTime": "2017-01-18T10:30:00.000Z",
      "duration": 1116000,
      "recordingState": "ended",
      "content": {
        "id": "PPS_CONTENT_12081~PPS_INSTANCE_19374~pvr",
        "resource": "content",
        "type": "standalone",
        "title": "Diving With Dolphins",
        "duration": 1116000,
        "parentalRating": {
          "name": "no mapping"
        },
        "locator": "7",
        "_links": {
          "self": {
            "href": "/content/PPS_CONTENT_12081~PPS_INSTANCE_19374"
          }
        }
      },
      "channel": {
        "id": "10",
        "name": "Nature Underwater",
        "media": [
          {
            "type": "regular",
            "mimeType": "image/png",
            "url": "http://ih-lb-vip.spvsstmedmz.cisco.com/images/LogosPNG/color/two_channel.png",
            "height": 84,
            "width": 210
          }
        ]
      },
      "_links": {
        "self": {
          "href": "/contentInstances/PPS_CONTENT_12081~PPS_INSTANCE_19374~pvr"
        }
      }
    },
    {
      "id": "PPS_CONTENT_12028~PPS_INSTANCE_19360~pvr",
      "resource": "contentInstance",
      "type": "pvr",
      "startDateTime": "2017-01-18T09:30:00.000Z",
      "duration": 1754000,
      "recordingState": "ended",
      "content": {
        "id": "PPS_CONTENT_12028~PPS_INSTANCE_19360~pvr",
        "resource": "content",
        "type": "standalone",
        "title": "Moving Art: Underwater",
        "duration": 1754000,
        "parentalRating": {
          "name": "no mapping"
        },
        "locator": "8",
        "_links": {
          "self": {
            "href": "/content/PPS_CONTENT_12028~PPS_INSTANCE_19360"
          }
        }
      },
      "channel": {
        "id": "10",
        "name": "Nature Underwater",
        "media": [
          {
            "type": "regular",
            "mimeType": "image/png",
            "url": "http://ih-lb-vip.spvsstmedmz.cisco.com/images/LogosPNG/color/two_channel.png",
            "height": 84,
            "width": 210
          }
        ]
      },
      "_links": {
        "self": {
          "href": "/contentInstances/PPS_CONTENT_12028~PPS_INSTANCE_19360~pvr"
        }
      }
    },
    {
      "id": "PPS_CONTENT_12050~PPS_INSTANCE_19086~pvr",
      "resource": "contentInstance",
      "type": "pvr",
      "startDateTime": "2017-01-17T16:00:00.000Z",
      "duration": 1753000,
      "recordingState": "ended",
      "content": {
        "id": "PPS_CONTENT_12050~PPS_INSTANCE_19086~pvr",
        "resource": "content",
        "type": "standalone",
        "title": "Wild Ocean",
        "duration": 1753000,
        "parentalRating": {
          "name": "no mapping"
        },
        "locator": "9",
        "_links": {
          "self": {
            "href": "/content/PPS_CONTENT_12050~PPS_INSTANCE_19086"
          }
        }
      },
      "channel": {
        "id": "10",
        "name": "Nature Underwater",
        "media": [
          {
            "type": "regular",
            "mimeType": "image/png",
            "url": "http://ih-lb-vip.spvsstmedmz.cisco.com/images/LogosPNG/color/two_channel.png",
            "height": 84,
            "width": 210
          }
        ]
      },
      "_links": {
        "self": {
          "href": "/contentInstances/PPS_CONTENT_12050~PPS_INSTANCE_19086~pvr"
        }
      }
    }
  ],
  "locators": {
    "start": "0",
    "end": "9"
  },
  "_links": {
    "self": {
      "href": "/agg/content"
    }
  }
}