{
  "count": 3,
  "id": "root",
  "name": "root",
  "type": "root",
  "leaf": false,
  "categories": [
    {
      "id": "urn:spvss:ih:zorro:term:7000:TRAILERS~TERM:urn:spvss:ih:zorro:term:7000:TRAILERS",
      "name": "TRAILERS",
      "type": "content_full",
      "isAdult": false,
      "leaf": true,
      "_links": {
        "self": {
          "href": "/categories/TERM%3Aurn%3Aspvss%3Aih%3Azorro%3Aterm%3A7000%3ATRAILERS"
        },
        "content": {
          "method": "GET",
          "href": "/content?categoryId=urn%3Aspvss%3Aih%3Azorro%3Aterm%3A7000%3ATRAILERS{&offset,limit}"
        }
      }
    },
    {
      "id": "urn:spvss:ih:zorro:term:7000:ACTION~TERM:urn:spvss:ih:zorro:term:7000:ACTION",
      "name": "ACTION",
      "type": "content_full",
      "isAdult": false,
      "leaf": true,
      "_links": {
        "self": {
          "href": "/categories/TERM%3Aurn%3Aspvss%3Aih%3Azorro%3Aterm%3A7000%3AACTION"
        },
        "content": {
          "method": "GET",
          "href": "/content?categoryId=urn%3Aspvss%3Aih%3Azorro%3Aterm%3A7000%3AACTION{&offset,limit}"
        }
      }
    },
	    {
      "id": "WATCHLIST_ID",
      "name": "WATCHLIST",
      "type": "content_full",
      "isAdult": false,
      "leaf": true,
      "_links": {
        "self": {
          "href": "/categories/WATCHLIST_ID"
        },
        "content": {
          "method": "GET",
          "href": "/content?categoryId=WATCHLIST_ID"
        }
      }
    }
  ],
  "_links": {
    "self": {
      "href": "/categories"
    }
  }
}