{"count":37,"total":37,"content":[{"id":"crid:__schange.com/dlatv.net/TDLA0100000138186543~imi:ae0484593f7533118c7c8a224b45c1b5~vod","resource":"contentInstance","source":"vod","type":"vod","contentType":"standalone","title":"Os Três Mosqueteiro","isEntitled":false,"isPlayable":true,"contentFlags":["recordableWithoutInteractive"],"expirationDateTime":172800000,"duration":6300000,"content":{"id":"crid:__schange.com/dlatv.net/TDLA0100000138186543~imi:ae0484593f7533118c7c8a224b45c1b5~vod","resource":"content","type":"standalone","contentType":"standalone","title":"Os Três Mosqueteiro","productionYear":1993,"media":[{"type":"regular","mimeType":"image/jpeg","url":"http://cdvrimagestg.cds.nowonline.com.br/vod/d8c71e12-363b-4610-8d3c-e48c611b7a2d/THREEMUSKETEERSTHE1993_PT_HD_PS04.jpg"}],"credits":[],"genres":[{"name":"Família"}],"duration":6300000,"synopsis":{"shortSynopsis":"D'Artagnan e os três mosqueteiros tentam derrotar os planos do cruel Cardeal Richelieu.","longSynopsis":"D'Artagnan e os três mosqueteiros tentam derrotar os planos do cruel Cardeal Richelieu."},"isEntitled":false,"isAdult":false,"isErotic":false,"expirationDateTime":172800000,"parentalRating":{"name":"Não recomendado para menores de dez anos","value":10},"locator":"{0,java.lang.Integer,NORMAL}-|-{0,java.lang.Integer,NORMAL}-|-{0,java.lang.Long,INVERTED}-|-{MDEyNGRjMWFlNGQzNTMzMjc5MWU=,java.lang.String,NORMAL}[+]{singleSeasonNumber,NORMAL}-|-{singleEpisodeNumber,NORMAL}-|-{dateTimeAdded,INVERTED}-|-{hashKey,NORMAL}","_links":{"self":{"href":"/content/crid%3A%2F%2Fschange.com%2Fdlatv.net%2FTDLA0100000138186543"}}},"_links":{"self":{"href":"/contentInstances/crid%3A__schange.com%2Fdlatv.net%2FTDLA0100000138186543~imi%3Aae0484593f7533118c7c8a224b45c1b5~vod"},"playSession":{"method":"POST","href":"/devices/me/playsessions?instanceId=crid%3A__schange.com%2Fdlatv.net%2FTDLA0100000138186543~imi%3Aae0484593f7533118c7c8a224b45c1b5~vod"}}},{"id":"crid:__schange.com/dlatv.net/SDLA0100000138402000~imi:227c15042e789a71500f91d85e278540~vod","resource":"contentInstance","source":"vod","type":"vod","contentType":"standalone","title":"A Incrível Mulher que Encolheu","isEntitled":false,"isPlayable":true,"contentFlags":["recordableWithoutInteractive"],"expirationDateTime":172800000,"duration":5280000,"content":{"id":"crid:__schange.com/dlatv.net/SDLA0100000138402000~imi:227c15042e789a71500f91d85e278540~vod","resource":"content","type":"standalone","contentType":"standalone","title":"A Incrível Mulher que Encolheu","productionYear":1981,"media":[{"type":"regular","mimeType":"image/jpg","url":"http://netb.tmsimg.com/assets/p567_b_v8_af.jpg?w=256","height":1440,"width":960}],"credits":[],"genres":[{"name":"Fantasia"}],"duration":5280000,"synopsis":{"shortSynopsis":"Louca comédia sobre uma dona de casa que começa a encolher e é raptada por alienígenas!","longSynopsis":"Louca comédia sobre uma dona de casa que começa a encolher e é raptada por alienígenas!"},"isEntitled":false,"isAdult":false,"isErotic":false,"expirationDateTime":172800000,"parentalRating":{"name":"Não recomendado para menores de dez anos","value":10},"locator":"{0,java.lang.Integer,NORMAL}-|-{0,java.lang.Integer,NORMAL}-|-{0,java.lang.Long,INVERTED}-|-{MDhjN2U1ZWRjNWZkMjNhY2ZkNzA=,java.lang.String,NORMAL}[+]{singleSeasonNumber,NORMAL}-|-{singleEpisodeNumber,NORMAL}-|-{dateTimeAdded,INVERTED}-|-{hashKey,NORMAL}","_links":{"self":{"href":"/content/crid%3A%2F%2Fschange.com%2Fdlatv.net%2FSDLA0100000138402000"}}},"_links":{"self":{"href":"/contentInstances/crid%3A__schange.com%2Fdlatv.net%2FSDLA0100000138402000~imi%3A227c15042e789a71500f91d85e278540~vod"},"playSession":{"method":"POST","href":"/devices/me/playsessions?instanceId=crid%3A__schange.com%2Fdlatv.net%2FSDLA0100000138402000~imi%3A227c15042e789a71500f91d85e278540~vod"}}},{"id":"crid:__schange.com/telecine.com/GSAT2014061116797401~GSAT2014061116797401~vod","resource":"contentInstance","source":"vod","type":"vod","contentType":"standalone","title":"X-Men: Primeira Classe","isEntitled":false,"isPlayable":true,"contentFlags":["recordableWithoutInteractive"],"expirationDateTime":172800000,"duration":7920000,"content":{"id":"crid:__schange.com/telecine.com/GSAT2014061116797401~GSAT2014061116797401~vod","resource":"content","type":"standalone","contentType":"standalone","title":"X-Men: Primeira Classe","productionYear":2011,"media":[{"type":"regular","mimeType":"image/jpg","url":"http://netb.tmsimg.com/assets/p8118537_p_v8_ac.jpg?w=256","height":1440,"width":960}],"credits":[],"genres":[{"name":"Aventura"},{"name":"Ação"}],"duration":7920000,"synopsis":{"shortSynopsis":"Charles e Erik são bons amigos e respeitam a inteligência e os ideais um do outro. Charles decide usar seus poderes para ensinar jovens alunos mutantes a usarem seus dons com fins pacíficos. ","longSynopsis":"Charles e Erik são bons amigos e respeitam a inteligência e os ideais um do outro. Charles decide usar seus poderes para ensinar jovens alunos mutantes a usarem seus dons com fins pacíficos. "},"isEntitled":false,"isAdult":false,"isErotic":false,"expirationDateTime":172800000,"parentalRating":{"name":"Não recomendado para menores de doze anos","value":12},"locator":"{0,java.lang.Integer,NORMAL}-|-{0,java.lang.Integer,NORMAL}-|-{0,java.lang.Long,INVERTED}-|-{MTM1MTU0YjlhOWMwYzgxYzVhNjk=,java.lang.String,NORMAL}[+]{singleSeasonNumber,NORMAL}-|-{singleEpisodeNumber,NORMAL}-|-{dateTimeAdded,INVERTED}-|-{hashKey,NORMAL}","_links":{"self":{"href":"/content/crid%3A%2F%2Fschange.com%2Ftelecine.com%2FGSAT2014061116797401"}}},"_links":{"self":{"href":"/contentInstances/crid%3A__schange.com%2Ftelecine.com%2FGSAT2014061116797401~GSAT2014061116797401~vod"},"playSession":{"method":"POST","href":"/devices/me/playsessions?instanceId=crid%3A__schange.com%2Ftelecine.com%2FGSAT2014061116797401~GSAT2014061116797401~vod"}}},{"id":"crid:__schange.com/encripta.com.br/ENCA1000000000040301~ENCA1000000000040301~vod","resource":"contentInstance","source":"vod","type":"vod","contentType":"standalone","title":"O Garoto de Ouro (2014)","isEntitled":false,"isPlayable":true,"contentFlags":["recordableWithoutInteractive"],"expirationDateTime":172800000,"duration":5940000,"content":{"id":"crid:__schange.com/encripta.com.br/ENCA1000000000040301~ENCA1000000000040301~vod","resource":"content","type":"standalone","contentType":"standalone","title":"O Garoto de Ouro (2014)","productionYear":2014,"media":[{"type":"regular","mimeType":"image/jpg","url":"http://netb.tmsimg.com/assets/p12091924_p_v8_aw.jpg?w=256","height":1440,"width":960}],"credits":[],"genres":[{"name":"Aventura"}],"duration":5940000,"synopsis":{"shortSynopsis":"Mats é apenas um garoto comum como qualquer outro. Mas quando encontra uma calça que contêm uma quantidade ilimitada de dinheiro, tudo muda!","longSynopsis":"Mats é apenas um garoto comum como qualquer outro. Mas quando encontra uma calça que contêm uma quantidade ilimitada de dinheiro, tudo muda!"},"isEntitled":false,"isAdult":false,"isErotic":false,"expirationDateTime":172800000,"parentalRating":{"name":"Não recomendado para menores de dez anos","value":10},"locator":"{0,java.lang.Integer,NORMAL}-|-{0,java.lang.Integer,NORMAL}-|-{0,java.lang.Long,INVERTED}-|-{MTg0NWNiNWJkNWFkZjdiZjdiNmU=,java.lang.String,NORMAL}[+]{singleSeasonNumber,NORMAL}-|-{singleEpisodeNumber,NORMAL}-|-{dateTimeAdded,INVERTED}-|-{hashKey,NORMAL}","_links":{"self":{"href":"/content/crid%3A%2F%2Fschange.com%2Fencripta.com.br%2FENCA1000000000040301"}}},"_links":{"self":{"href":"/contentInstances/crid%3A__schange.com%2Fencripta.com.br%2FENCA1000000000040301~ENCA1000000000040301~vod"},"playSession":{"method":"POST","href":"/devices/me/playsessions?instanceId=crid%3A__schange.com%2Fencripta.com.br%2FENCA1000000000040301~ENCA1000000000040301~vod"}}},{"id":"crid:__schange.com/telecine.com/GSAT1607150141191401~GSAT1607150141191401~vod","resource":"contentInstance","source":"vod","type":"vod","contentType":"standalone","title":"Perdido Em Marte","isEntitled":true,"isPlayable":true,"contentFlags":["recordableWithoutInteractive"],"duration":8280000,"content":{"id":"crid:__schange.com/telecine.com/GSAT1607150141191401~GSAT1607150141191401~vod","resource":"content","type":"standalone","contentType":"standalone","title":"Perdido Em Marte","productionYear":2015,"media":[{"type":"regular","mimeType":"image/jpg","url":"http://netb.tmsimg.com/assets/p10980706_p_v8_ab.jpg?w=256","height":1440,"width":960}],"credits":[],"genres":[{"name":"Aventura"}],"duration":8280000,"synopsis":{"shortSynopsis":"O astronauta Mark é enviado a uma missão em Marte. Após uma tempestade ele é dado como morto e acorda sozinho no misterioso planeta sem saber como reencontrar os companheiros ou retornar à Terra.","longSynopsis":"O astronauta Mark é enviado a uma missão em Marte. Após uma tempestade ele é dado como morto e acorda sozinho no misterioso planeta sem saber como reencontrar os companheiros ou retornar à Terra."},"isEntitled":true,"isAdult":false,"isErotic":false,"parentalRating":{"name":"Não recomendado para menores de doze anos","value":12},"locator":"{0,java.lang.Integer,NORMAL}-|-{0,java.lang.Integer,NORMAL}-|-{0,java.lang.Long,INVERTED}-|-{MWUzOTI4NzRiZTc3NTUyYzg5MjE=,java.lang.String,NORMAL}[+]{singleSeasonNumber,NORMAL}-|-{singleEpisodeNumber,NORMAL}-|-{dateTimeAdded,INVERTED}-|-{hashKey,NORMAL}","_links":{"self":{"href":"/content/crid%3A%2F%2Fschange.com%2Ftelecine.com%2FGSAT1607150141191401"}}},"_links":{"self":{"href":"/contentInstances/crid%3A__schange.com%2Ftelecine.com%2FGSAT1607150141191401~GSAT1607150141191401~vod"},"playSession":{"method":"POST","href":"/devices/me/playsessions?instanceId=crid%3A__schange.com%2Ftelecine.com%2FGSAT1607150141191401~GSAT1607150141191401~vod"}}},{"id":"crid:__schange.com/telecine.com/GSAB2013060106661301~GSAB2013060106661301~vod","resource":"contentInstance","source":"vod","type":"vod","contentType":"standalone","title":"X-Men - O Confronto Final","isEntitled":false,"isPlayable":true,"contentFlags":["recordableWithoutInteractive"],"expirationDateTime":172800000,"duration":6180000,"content":{"id":"crid:__schange.com/telecine.com/GSAB2013060106661301~GSAB2013060106661301~vod","resource":"content","type":"standalone","contentType":"standalone","title":"X-Men - O Confronto Final","productionYear":2006,"media":[{"type":"regular","mimeType":"image/jpg","url":"http://netb.tmsimg.com/assets/p159376_b_v8_az.jpg?w=256","height":1440,"width":960}],"credits":[],"genres":[{"name":"Ação"},{"name":"Fantasia"}],"duration":6180000,"synopsis":{"shortSynopsis":"É descoberta uma cura para os mutantes.A descoberta põe em conflito Magneto, que acredita que esta cura se tornará uma arma contra os mutantes e os X-Men que é liderado pelo professor Xavier.","longSynopsis":"É descoberta uma cura para os mutantes.A descoberta põe em conflito Magneto, que acredita que esta cura se tornará uma arma contra os mutantes e os X-Men que é liderado pelo professor Xavier."},"isEntitled":false,"isAdult":false,"isErotic":false,"expirationDateTime":172800000,"parentalRating":{"name":"Não recomendado para menores de doze anos","value":12},"locator":"{0,java.lang.Integer,NORMAL}-|-{0,java.lang.Integer,NORMAL}-|-{0,java.lang.Long,INVERTED}-|-{MmJlOWNjZjgyMjNhODU0NjQ1NTA=,java.lang.String,NORMAL}[+]{singleSeasonNumber,NORMAL}-|-{singleEpisodeNumber,NORMAL}-|-{dateTimeAdded,INVERTED}-|-{hashKey,NORMAL}","_links":{"self":{"href":"/content/crid%3A%2F%2Fschange.com%2Ftelecine.com%2FGSAB2013060106661301"}}},"_links":{"self":{"href":"/contentInstances/crid%3A__schange.com%2Ftelecine.com%2FGSAB2013060106661301~GSAB2013060106661301~vod"},"playSession":{"method":"POST","href":"/devices/me/playsessions?instanceId=crid%3A__schange.com%2Ftelecine.com%2FGSAB2013060106661301~GSAB2013060106661301~vod"}}},{"id":"crid:__schange.com/telecine.com/GSAT1701130146957801~imi:3b7633a978de90144be6b746171f466c~vod","resource":"contentInstance","source":"vod","type":"vod","contentType":"standalone","title":"Oz _ Magico E Poder","isEntitled":true,"isPlayable":true,"contentFlags":["recordableWithoutInteractive"],"duration":7680000,"content":{"id":"crid:__schange.com/telecine.com/GSAT1701130146957801~imi:3b7633a978de90144be6b746171f466c~vod","resource":"content","type":"standalone","contentType":"standalone","title":"Oz _ Magico E Poder","productionYear":2013,"media":[{"type":"regular","mimeType":"image/jpg","url":"http://netb.tmsimg.com/assets/p9259612_p_v8_ae.jpg?w=256","height":1440,"width":960}],"credits":[],"genres":[{"name":"Aventura"}],"duration":7680000,"synopsis":{"shortSynopsis":"Quando um mágico de circo vai parar na Terra de Oz, encontra três feiticeiras, que não estão convencidas de que ele é o grande mágico que todos aguardavam. ","longSynopsis":"Quando um mágico de circo vai parar na Terra de Oz, encontra três feiticeiras, que não estão convencidas de que ele é o grande mágico que todos aguardavam. "},"isEntitled":true,"isAdult":false,"isErotic":false,"parentalRating":{"name":"no mapping","value":0},"locator":"{0,java.lang.Integer,NORMAL}-|-{0,java.lang.Integer,NORMAL}-|-{0,java.lang.Long,INVERTED}-|-{MzUxODc2MDg5NWMzZDA3NThkNjE=,java.lang.String,NORMAL}[+]{singleSeasonNumber,NORMAL}-|-{singleEpisodeNumber,NORMAL}-|-{dateTimeAdded,INVERTED}-|-{hashKey,NORMAL}","_links":{"self":{"href":"/content/crid%3A%2F%2Fschange.com%2Ftelecine.com%2FGSAT1701130146957801"}}},"_links":{"self":{"href":"/contentInstances/crid%3A__schange.com%2Ftelecine.com%2FGSAT1701130146957801~imi%3A3b7633a978de90144be6b746171f466c~vod"},"playSession":{"method":"POST","href":"/devices/me/playsessions?instanceId=crid%3A__schange.com%2Ftelecine.com%2FGSAT1701130146957801~imi%3A3b7633a978de90144be6b746171f466c~vod"}}},{"id":"crid:__schange.com/sofa.com/BELL0561001234567891~BELL0561001234567891~vod","resource":"contentInstance","source":"vod","type":"vod","contentType":"standalone","title":"Belle e Sebastian","isEntitled":false,"isPlayable":true,"contentFlags":["recordableWithoutInteractive"],"expirationDateTime":172800000,"duration":5940000,"content":{"id":"crid:__schange.com/sofa.com/BELL0561001234567891~BELL0561001234567891~vod","resource":"content","type":"standalone","contentType":"standalone","title":"Belle e Sebastian","productionYear":2013,"media":[{"type":"regular","mimeType":"image/jpg","url":"http://netb.tmsimg.com/assets/p10536854_p_v7_af.jpg?w=256","height":720,"width":480}],"credits":[],"genres":[{"name":"Aventura"}],"duration":5940000,"synopsis":{"shortSynopsis":"Durante a Segunda Guerra Mundial, nos belos Alpes, o garoto Sebastian aventura-se busca da famosa 'fera' que mata as ovelhas.","longSynopsis":"Durante a Segunda Guerra Mundial, nos belos Alpes, o garoto Sebastian aventura-se busca da famosa 'fera' que mata as ovelhas."},"isEntitled":false,"isAdult":false,"isErotic":false,"expirationDateTime":172800000,"parentalRating":{"name":"Não recomendado para menores de dez anos","value":10},"locator":"{0,java.lang.Integer,NORMAL}-|-{0,java.lang.Integer,NORMAL}-|-{0,java.lang.Long,INVERTED}-|-{M2FlYmQyMjdhZWE0Y2U0OTFjMWE=,java.lang.String,NORMAL}[+]{singleSeasonNumber,NORMAL}-|-{singleEpisodeNumber,NORMAL}-|-{dateTimeAdded,INVERTED}-|-{hashKey,NORMAL}","_links":{"self":{"href":"/content/crid%3A%2F%2Fschange.com%2Fsofa.com%2FBELL0561001234567891"}}},"_links":{"self":{"href":"/contentInstances/crid%3A__schange.com%2Fsofa.com%2FBELL0561001234567891~BELL0561001234567891~vod"},"playSession":{"method":"POST","href":"/devices/me/playsessions?instanceId=crid%3A__schange.com%2Fsofa.com%2FBELL0561001234567891~BELL0561001234567891~vod"}}},{"id":"crid:__schange.com/dmdlimited.com/DMDL0100000002190451~DMDL0100000002190451~vod","resource":"contentInstance","source":"vod","type":"vod","contentType":"standalone","title":"Jogo dos Solteiros","isEntitled":false,"isPlayable":true,"contentFlags":["recordableWithoutInteractive"],"expirationDateTime":172800000,"duration":5220000,"content":{"id":"crid:__schange.com/dmdlimited.com/DMDL0100000002190451~DMDL0100000002190451~vod","resource":"content","type":"standalone","contentType":"standalone","title":"Jogo dos Solteiros","productionYear":2016,"media":[{"type":"regular","mimeType":"image/jpg","url":"http://netb.tmsimg.com/assets/p13007085_b_v8_aa.jpg?w=256","height":1440,"width":960}],"credits":[],"duration":5220000,"synopsis":{"shortSynopsis":"Cinco amigos viajam para uma despedida de solteiro na Argentina, mas nem tudo ocorre conforme planejado. Perdidos no meio do nada, eles percebem que algo estranho os segue o tempo todo.","longSynopsis":"Cinco amigos viajam para uma despedida de solteiro na Argentina, mas nem tudo ocorre conforme planejado. Perdidos no meio do nada, eles percebem que algo estranho os segue o tempo todo."},"isEntitled":false,"isAdult":false,"isErotic":false,"expirationDateTime":172800000,"parentalRating":{"name":"Não recomendado para menores de quatorze anos","value":14},"locator":"{0,java.lang.Integer,NORMAL}-|-{0,java.lang.Integer,NORMAL}-|-{0,java.lang.Long,INVERTED}-|-{NDc5MDFhYjEyNzgxYTI5NzEwYTc=,java.lang.String,NORMAL}[+]{singleSeasonNumber,NORMAL}-|-{singleEpisodeNumber,NORMAL}-|-{dateTimeAdded,INVERTED}-|-{hashKey,NORMAL}","_links":{"self":{"href":"/content/crid%3A%2F%2Fschange.com%2Fdmdlimited.com%2FDMDL0100000002190451"}}},"_links":{"self":{"href":"/contentInstances/crid%3A__schange.com%2Fdmdlimited.com%2FDMDL0100000002190451~DMDL0100000002190451~vod"},"playSession":{"method":"POST","href":"/devices/me/playsessions?instanceId=crid%3A__schange.com%2Fdmdlimited.com%2FDMDL0100000002190451~DMDL0100000002190451~vod"}}},{"id":"crid:__schange.com/encripta.com.br/ENCR1000000000035833~ENCR1000000000035833~vod","resource":"contentInstance","source":"vod","type":"vod","contentType":"standalone","title":"Os Dragões de Camelot","isEntitled":false,"isPlayable":true,"contentFlags":["recordableWithoutInteractive"],"expirationDateTime":172800000,"duration":4800000,"content":{"id":"crid:__schange.com/encripta.com.br/ENCR1000000000035833~ENCR1000000000035833~vod","resource":"content","type":"standalone","contentType":"standalone","title":"Os Dragões de Camelot","productionYear":2014,"media":[{"type":"regular","mimeType":"image/jpg","url":"http://netb.tmsimg.com/assets/p11051180_p_v8_af.jpg?w=256","height":1440,"width":960}],"credits":[],"genres":[{"name":"Aventura"}],"duration":4800000,"synopsis":{"shortSynopsis":"Após a morte do Rei Arthur, o reino de Camelot está mergulhado na escuridão, e o reinado de sua irmã a cruel feiticeira Morgan, começa.","longSynopsis":"Após a morte do Rei Arthur, o reino de Camelot está mergulhado na escuridão, e o reinado de sua irmã a cruel feiticeira Morgan, começa."},"isEntitled":false,"isAdult":false,"isErotic":false,"expirationDateTime":172800000,"parentalRating":{"name":"Não recomendado para menores de dezesseis anos","value":16},"locator":"{0,java.lang.Integer,NORMAL}-|-{0,java.lang.Integer,NORMAL}-|-{0,java.lang.Long,INVERTED}-|-{NGRhMWYxYTE2ZDE2ZDJkNDU3YTk=,java.lang.String,NORMAL}[+]{singleSeasonNumber,NORMAL}-|-{singleEpisodeNumber,NORMAL}-|-{dateTimeAdded,INVERTED}-|-{hashKey,NORMAL}","_links":{"self":{"href":"/content/crid%3A%2F%2Fschange.com%2Fencripta.com.br%2FENCR1000000000035833"}}},"_links":{"self":{"href":"/contentInstances/crid%3A__schange.com%2Fencripta.com.br%2FENCR1000000000035833~ENCR1000000000035833~vod"},"playSession":{"method":"POST","href":"/devices/me/playsessions?instanceId=crid%3A__schange.com%2Fencripta.com.br%2FENCR1000000000035833~ENCR1000000000035833~vod"}}},{"id":"crid:__schange.com/dlatv.net/TDLA0100000138083239~imi:eb0e70fc4d0623aaf5c65c6fe80958e0~vod","resource":"contentInstance","source":"vod","type":"vod","contentType":"standalone","title":"A Lenda do Tesouro Perdido","isEntitled":false,"isPlayable":true,"contentFlags":["recordableWithoutInteractive"],"expirationDateTime":172800000,"duration":7800000,"content":{"id":"crid:__schange.com/dlatv.net/TDLA0100000138083239~imi:eb0e70fc4d0623aaf5c65c6fe80958e0~vod","resource":"content","type":"standalone","contentType":"standalone","title":"A Lenda do Tesouro Perdido","productionYear":2004,"media":[{"type":"regular","mimeType":"image/jpg","url":"http://netb.tmsimg.com/assets/p35100_p_v8_ae.jpg?w=256","height":1440,"width":960}],"credits":[],"genres":[{"name":"Aventura"}],"duration":7800000,"synopsis":{"shortSynopsis":"Enquanto Gates procura o Tesouro dos Cavaleiros Templários, alguém quer roubá-lo.","longSynopsis":"Enquanto Gates procura o Tesouro dos Cavaleiros Templários, alguém quer roubá-lo."},"isEntitled":false,"isAdult":false,"isErotic":false,"expirationDateTime":172800000,"parentalRating":{"name":"Não recomendado para menores de dez anos","value":10},"locator":"{0,java.lang.Integer,NORMAL}-|-{0,java.lang.Integer,NORMAL}-|-{0,java.lang.Long,INVERTED}-|-{NGU3NTJmNzRhNTE0NjljMjBiNmM=,java.lang.String,NORMAL}[+]{singleSeasonNumber,NORMAL}-|-{singleEpisodeNumber,NORMAL}-|-{dateTimeAdded,INVERTED}-|-{hashKey,NORMAL}","_links":{"self":{"href":"/content/crid%3A%2F%2Fschange.com%2Fdlatv.net%2FTDLA0100000138083239"}}},"_links":{"self":{"href":"/contentInstances/crid%3A__schange.com%2Fdlatv.net%2FTDLA0100000138083239~imi%3Aeb0e70fc4d0623aaf5c65c6fe80958e0~vod"},"playSession":{"method":"POST","href":"/devices/me/playsessions?instanceId=crid%3A__schange.com%2Fdlatv.net%2FTDLA0100000138083239~imi%3Aeb0e70fc4d0623aaf5c65c6fe80958e0~vod"}}},{"id":"crid:__schange.com/encripta.com.br/ENCA1000000000040903~ENCA1000000000040903~vod","resource":"contentInstance","source":"vod","type":"vod","contentType":"standalone","title":"Dark World - Equilibrium","isEntitled":false,"isPlayable":true,"contentFlags":["recordableWithoutInteractive"],"expirationDateTime":172800000,"duration":5700000,"content":{"id":"crid:__schange.com/encripta.com.br/ENCA1000000000040903~ENCA1000000000040903~vod","resource":"content","type":"standalone","contentType":"standalone","title":"Dark World - Equilibrium","productionYear":2013,"media":[{"type":"regular","mimeType":"image/jpg","url":"http://netb.tmsimg.com/assets/p10548067_p_v7_aa.jpg?w=256","height":720,"width":480}],"credits":[],"duration":5700000,"synopsis":{"shortSynopsis":"Só a força do amor verdadeiro será suficiente para restaurar o equilíbrio e salvar nosso mundo.","longSynopsis":"Só a força do amor verdadeiro será suficiente para restaurar o equilíbrio e salvar nosso mundo."},"isEntitled":false,"isAdult":false,"isErotic":false,"expirationDateTime":172800000,"parentalRating":{"name":"Não recomendado para menores de dezesseis anos","value":16},"locator":"{0,java.lang.Integer,NORMAL}-|-{0,java.lang.Integer,NORMAL}-|-{0,java.lang.Long,INVERTED}-|-{NGVjODc0ZTBjZmVhOTlkNTVjZjc=,java.lang.String,NORMAL}[+]{singleSeasonNumber,NORMAL}-|-{singleEpisodeNumber,NORMAL}-|-{dateTimeAdded,INVERTED}-|-{hashKey,NORMAL}","_links":{"self":{"href":"/content/crid%3A%2F%2Fschange.com%2Fencripta.com.br%2FENCA1000000000040903"}}},"_links":{"self":{"href":"/contentInstances/crid%3A__schange.com%2Fencripta.com.br%2FENCA1000000000040903~ENCA1000000000040903~vod"},"playSession":{"method":"POST","href":"/devices/me/playsessions?instanceId=crid%3A__schange.com%2Fencripta.com.br%2FENCA1000000000040903~ENCA1000000000040903~vod"}}},{"id":"crid:__schange.com/dlatv.net/TDLA0100000138186922~imi:d786764f568fd000551c8d53b11c556c~vod","resource":"contentInstance","source":"vod","type":"vod","contentType":"standalone","title":"Viver Tentando","isEntitled":false,"isPlayable":true,"contentFlags":["recordableWithoutInteractive"],"expirationDateTime":172800000,"duration":5940000,"content":{"id":"crid:__schange.com/dlatv.net/TDLA0100000138186922~imi:d786764f568fd000551c8d53b11c556c~vod","resource":"content","type":"standalone","contentType":"standalone","title":"Viver Tentando","productionYear":2003,"media":[{"type":"regular","mimeType":"image/jpeg","url":"http://cdvrimagestg.cds.nowonline.com.br/vod/cbd19bdf-be73-484e-a9df-9a8b13d884c2/VIVIRINTENTANDOAKAGOFORIT_PT_PS04.jpg"}],"credits":[],"genres":[{"name":"Família"}],"duration":5940000,"synopsis":{"shortSynopsis":"Os sonhos podem virar realidade! Cinco jovens tentam conquistar o mundo com sua música.","longSynopsis":"Os sonhos podem virar realidade! Cinco jovens tentam conquistar o mundo com sua música."},"isEntitled":false,"isAdult":false,"isErotic":false,"expirationDateTime":172800000,"parentalRating":{"name":"no mapping","value":0},"locator":"{0,java.lang.Integer,NORMAL}-|-{0,java.lang.Integer,NORMAL}-|-{0,java.lang.Long,INVERTED}-|-{NWU0ZDY4NzNjMGQ2OTU5Y2I3M2M=,java.lang.String,NORMAL}[+]{singleSeasonNumber,NORMAL}-|-{singleEpisodeNumber,NORMAL}-|-{dateTimeAdded,INVERTED}-|-{hashKey,NORMAL}","_links":{"self":{"href":"/content/crid%3A%2F%2Fschange.com%2Fdlatv.net%2FTDLA0100000138186922"}}},"_links":{"self":{"href":"/contentInstances/crid%3A__schange.com%2Fdlatv.net%2FTDLA0100000138186922~imi%3Ad786764f568fd000551c8d53b11c556c~vod"},"playSession":{"method":"POST","href":"/devices/me/playsessions?instanceId=crid%3A__schange.com%2Fdlatv.net%2FTDLA0100000138186922~imi%3Ad786764f568fd000551c8d53b11c556c~vod"}}},{"id":"crid:__schange.com/encripta.com.br/ENCR1000000000006973~ENCR1000000000006973~vod","resource":"contentInstance","source":"vod","type":"vod","contentType":"standalone","title":"Em Nome do Rei","isEntitled":false,"isPlayable":true,"contentFlags":["recordableWithoutInteractive"],"expirationDateTime":172800000,"duration":7560000,"content":{"id":"crid:__schange.com/encripta.com.br/ENCR1000000000006973~ENCR1000000000006973~vod","resource":"content","type":"standalone","contentType":"standalone","title":"Em Nome do Rei","productionYear":2007,"media":[{"type":"regular","mimeType":"image/jpg","url":"http://netb.tmsimg.com/assets/p167292_p_v8_ac.jpg?w=256","height":1440,"width":960}],"credits":[],"genres":[{"name":"Aventura"},{"name":"Ação"}],"duration":7560000,"synopsis":{"shortSynopsis":"Farmer arrisca-se numa aventura perigosa para resgatar a esposa sequestrada e vingar-se do assassinato do filho.","longSynopsis":"Farmer arrisca-se numa aventura perigosa para resgatar a esposa sequestrada e vingar-se do assassinato do filho."},"isEntitled":false,"isAdult":false,"isErotic":false,"expirationDateTime":172800000,"parentalRating":{"name":"Não recomendado para menores de quatorze anos","value":14},"locator":"{0,java.lang.Integer,NORMAL}-|-{0,java.lang.Integer,NORMAL}-|-{0,java.lang.Long,INVERTED}-|-{NjdlM2JlYjY4MDEwNGVlZjI5ZDE=,java.lang.String,NORMAL}[+]{singleSeasonNumber,NORMAL}-|-{singleEpisodeNumber,NORMAL}-|-{dateTimeAdded,INVERTED}-|-{hashKey,NORMAL}","_links":{"self":{"href":"/content/crid%3A%2F%2Fschange.com%2Fencripta.com.br%2FENCR1000000000006973"}}},"_links":{"self":{"href":"/contentInstances/crid%3A__schange.com%2Fencripta.com.br%2FENCR1000000000006973~ENCR1000000000006973~vod"},"playSession":{"method":"POST","href":"/devices/me/playsessions?instanceId=crid%3A__schange.com%2Fencripta.com.br%2FENCR1000000000006973~ENCR1000000000006973~vod"}}},{"id":"crid:__schange.com/encripta.com.br/ENCA1000000000039097~ENCA1000000000039097~vod","resource":"contentInstance","source":"vod","type":"vod","contentType":"standalone","title":"O Tempo Não Espera Por Ninguém","isEntitled":false,"isPlayable":true,"contentFlags":["recordableWithoutInteractive"],"expirationDateTime":172800000,"duration":6000000,"content":{"id":"crid:__schange.com/encripta.com.br/ENCA1000000000039097~ENCA1000000000039097~vod","resource":"content","type":"standalone","contentType":"standalone","title":"O Tempo Não Espera Por Ninguém","productionYear":2011,"media":[{"type":"regular","mimeType":"image/jpg","url":"http://netb.tmsimg.com/assets/p10071077_d_v8_ab.jpg?w=256","height":1440,"width":960}],"credits":[],"genres":[{"name":"Aventura"}],"duration":6000000,"synopsis":{"shortSynopsis":"A pequena cidade de Rockwell é misteriosamente congelada no tempo depois de um acidente de ônibus.","longSynopsis":"A pequena cidade de Rockwell é misteriosamente congelada no tempo depois de um acidente de ônibus."},"isEntitled":false,"isAdult":false,"isErotic":false,"expirationDateTime":172800000,"parentalRating":{"name":"Não recomendado para menores de quatorze anos","value":14},"locator":"{0,java.lang.Integer,NORMAL}-|-{0,java.lang.Integer,NORMAL}-|-{0,java.lang.Long,INVERTED}-|-{NzE1OThkZjY5ZTAzNGFhMWY3Nzc=,java.lang.String,NORMAL}[+]{singleSeasonNumber,NORMAL}-|-{singleEpisodeNumber,NORMAL}-|-{dateTimeAdded,INVERTED}-|-{hashKey,NORMAL}","_links":{"self":{"href":"/content/crid%3A%2F%2Fschange.com%2Fencripta.com.br%2FENCA1000000000039097"}}},"_links":{"self":{"href":"/contentInstances/crid%3A__schange.com%2Fencripta.com.br%2FENCA1000000000039097~ENCA1000000000039097~vod"},"playSession":{"method":"POST","href":"/devices/me/playsessions?instanceId=crid%3A__schange.com%2Fencripta.com.br%2FENCA1000000000039097~ENCA1000000000039097~vod"}}},{"id":"crid:__schange.com/encripta.com.br/ENCR1000000000037006~ENCR1000000000037006~vod","resource":"contentInstance","source":"vod","type":"vod","contentType":"standalone","title":"O Reino do Dragão","isEntitled":false,"isPlayable":true,"contentFlags":["recordableWithoutInteractive"],"expirationDateTime":172800000,"duration":5460000,"content":{"id":"crid:__schange.com/encripta.com.br/ENCR1000000000037006~ENCR1000000000037006~vod","resource":"content","type":"standalone","contentType":"standalone","title":"O Reino do Dragão","productionYear":2013,"media":[{"type":"regular","mimeType":"image/jpg","url":"http://netb.tmsimg.com/assets/p10154479_p_v8_am.jpg?w=256","height":1440,"width":960}],"credits":[],"genres":[{"name":"Aventura"}],"duration":5460000,"synopsis":{"shortSynopsis":"Ellen é uma nobre arrogante que precisa cruzar seu país para entregar uma relíquia ao Rei.","longSynopsis":"Ellen é uma nobre arrogante que precisa cruzar seu país para entregar uma relíquia ao Rei."},"isEntitled":false,"isAdult":false,"isErotic":false,"expirationDateTime":172800000,"parentalRating":{"name":"Não recomendado para menores de quatorze anos","value":14},"locator":"{0,java.lang.Integer,NORMAL}-|-{0,java.lang.Integer,NORMAL}-|-{0,java.lang.Long,INVERTED}-|-{NzlkZmVhNGU4ZjNmNmU4ZWZmMzY=,java.lang.String,NORMAL}[+]{singleSeasonNumber,NORMAL}-|-{singleEpisodeNumber,NORMAL}-|-{dateTimeAdded,INVERTED}-|-{hashKey,NORMAL}","_links":{"self":{"href":"/content/crid%3A%2F%2Fschange.com%2Fencripta.com.br%2FENCR1000000000037006"}}},"_links":{"self":{"href":"/contentInstances/crid%3A__schange.com%2Fencripta.com.br%2FENCR1000000000037006~ENCR1000000000037006~vod"},"playSession":{"method":"POST","href":"/devices/me/playsessions?instanceId=crid%3A__schange.com%2Fencripta.com.br%2FENCR1000000000037006~ENCR1000000000037006~vod"}}},{"id":"crid:__schange.com/dlatv.net/TDLA0100000137652639~imi:d567a497036ee332db90de4b6fad4a00~vod","resource":"contentInstance","source":"vod","type":"vod","contentType":"standalone","title":"Confissões de uma A","isEntitled":false,"isPlayable":true,"contentFlags":["recordableWithoutInteractive"],"expirationDateTime":172800000,"duration":5340000,"content":{"id":"crid:__schange.com/dlatv.net/TDLA0100000137652639~imi:d567a497036ee332db90de4b6fad4a00~vod","resource":"content","type":"standalone","contentType":"standalone","title":"Confissões de uma A","productionYear":2004,"media":[{"type":"regular","mimeType":"image/jpeg","url":"http://cdvrimagestg.cds.nowonline.com.br/vod/df52d5b7-aa5c-46ac-b604-b91b432de387/adi_PT_PS04.jpg"}],"credits":[],"genres":[{"name":"Família"}],"duration":5340000,"synopsis":{"shortSynopsis":"Um filme divertido onde duas adolescentes lutam para conseguir a liderança na escola.","longSynopsis":"Um filme divertido onde duas adolescentes lutam para conseguir a liderança na escola."},"isEntitled":false,"isAdult":false,"isErotic":false,"expirationDateTime":172800000,"parentalRating":{"name":"Não recomendado para menores de dez anos","value":10},"locator":"{0,java.lang.Integer,NORMAL}-|-{0,java.lang.Integer,NORMAL}-|-{0,java.lang.Long,INVERTED}-|-{ODI2OGM1Njk2NGQxYWJmZDE0OWI=,java.lang.String,NORMAL}[+]{singleSeasonNumber,NORMAL}-|-{singleEpisodeNumber,NORMAL}-|-{dateTimeAdded,INVERTED}-|-{hashKey,NORMAL}","_links":{"self":{"href":"/content/crid%3A%2F%2Fschange.com%2Fdlatv.net%2FTDLA0100000137652639"}}},"_links":{"self":{"href":"/contentInstances/crid%3A__schange.com%2Fdlatv.net%2FTDLA0100000137652639~imi%3Ad567a497036ee332db90de4b6fad4a00~vod"},"playSession":{"method":"POST","href":"/devices/me/playsessions?instanceId=crid%3A__schange.com%2Fdlatv.net%2FTDLA0100000137652639~imi%3Ad567a497036ee332db90de4b6fad4a00~vod"}}},{"id":"crid:__schange.com/telecine.com/GSAT1609140143688501~GSAT1609140143688501~vod","resource":"contentInstance","source":"vod","type":"vod","contentType":"standalone","title":"Rastro de Maldade","isEntitled":false,"isPlayable":true,"contentFlags":["recordableWithoutInteractive"],"expirationDateTime":172800000,"duration":7800000,"content":{"id":"crid:__schange.com/telecine.com/GSAT1609140143688501~GSAT1609140143688501~vod","resource":"content","type":"standalone","contentType":"standalone","title":"Rastro de Maldade","productionYear":2015,"media":[{"type":"regular","mimeType":"image/jpg","url":"http://netb.tmsimg.com/assets/p11992120_p_v8_aa.jpg?w=256","height":1440,"width":960}],"credits":[],"genres":[{"name":"Aventura"}],"duration":7800000,"synopsis":{"shortSynopsis":"Quatro homens chegam ao Wild West para resgatar um grupo de um ataque canibalista.","longSynopsis":"Quatro homens chegam ao Wild West para resgatar um grupo de um ataque canibalista."},"isEntitled":false,"isAdult":false,"isErotic":false,"expirationDateTime":172800000,"parentalRating":{"name":"Não recomendado para menores de quatorze anos","value":14},"locator":"{0,java.lang.Integer,NORMAL}-|-{0,java.lang.Integer,NORMAL}-|-{0,java.lang.Long,INVERTED}-|-{OTkzOGI5NmViYTUwMDc3YjYyNTA=,java.lang.String,NORMAL}[+]{singleSeasonNumber,NORMAL}-|-{singleEpisodeNumber,NORMAL}-|-{dateTimeAdded,INVERTED}-|-{hashKey,NORMAL}","_links":{"self":{"href":"/content/crid%3A%2F%2Fschange.com%2Ftelecine.com%2FGSAT1609140143688501"}}},"_links":{"self":{"href":"/contentInstances/crid%3A__schange.com%2Ftelecine.com%2FGSAT1609140143688501~GSAT1609140143688501~vod"},"playSession":{"method":"POST","href":"/devices/me/playsessions?instanceId=crid%3A__schange.com%2Ftelecine.com%2FGSAT1609140143688501~GSAT1609140143688501~vod"}}},{"id":"crid:__schange.com/encripta.com.br/ENCA1000000000040639~ENCA1000000000040639~vod","resource":"contentInstance","source":"vod","type":"vod","contentType":"standalone","title":"Copenhagen","isEntitled":false,"isPlayable":true,"contentFlags":["recordableWithoutInteractive"],"expirationDateTime":172800000,"duration":5940000,"content":{"id":"crid:__schange.com/encripta.com.br/ENCA1000000000040639~ENCA1000000000040639~vod","resource":"content","type":"standalone","contentType":"standalone","title":"Copenhagen","productionYear":2014,"media":[{"type":"regular","mimeType":"image/jpg","url":"http://netb.tmsimg.com/assets/p10502364_p_v8_ab.jpg?w=256","height":1440,"width":960}],"credits":[],"genres":[{"name":"Romance"},{"name":"Aventura"},{"name":"Drama"}],"duration":5940000,"synopsis":{"shortSynopsis":"Depois de semanas viajando pela Europa, o imaturo William se encontra numa encruzilhada em Copenhagen, pois não é apenas mais uma cidade europeia, é também a cidade natal de seu pai.","longSynopsis":"Depois de semanas viajando pela Europa, o imaturo William se encontra numa encruzilhada em Copenhagen, pois não é apenas mais uma cidade europeia, é também a cidade natal de seu pai."},"isEntitled":false,"isAdult":false,"isErotic":false,"expirationDateTime":172800000,"parentalRating":{"name":"Não recomendado para menores de doze anos","value":12},"locator":"{0,java.lang.Integer,NORMAL}-|-{0,java.lang.Integer,NORMAL}-|-{0,java.lang.Long,INVERTED}-|-{OWE1ZWUyMTE0MTQ2MDcxNjQ5NTg=,java.lang.String,NORMAL}[+]{singleSeasonNumber,NORMAL}-|-{singleEpisodeNumber,NORMAL}-|-{dateTimeAdded,INVERTED}-|-{hashKey,NORMAL}","_links":{"self":{"href":"/content/crid%3A%2F%2Fschange.com%2Fencripta.com.br%2FENCA1000000000040639"}}},"_links":{"self":{"href":"/contentInstances/crid%3A__schange.com%2Fencripta.com.br%2FENCA1000000000040639~ENCA1000000000040639~vod"},"playSession":{"method":"POST","href":"/devices/me/playsessions?instanceId=crid%3A__schange.com%2Fencripta.com.br%2FENCA1000000000040639~ENCA1000000000040639~vod"}}},{"id":"crid:__schange.com/encripta.com.br/ENCR1000000000032169~ENCR1000000000032169~vod","resource":"contentInstance","source":"vod","type":"vod","contentType":"standalone","title":"Expresso Da Morte","isEntitled":false,"isPlayable":true,"contentFlags":["recordableWithoutInteractive"],"expirationDateTime":172800000,"duration":7080000,"content":{"id":"crid:__schange.com/encripta.com.br/ENCR1000000000032169~ENCR1000000000032169~vod","resource":"content","type":"standalone","contentType":"standalone","title":"Expresso Da Morte","productionYear":2010,"media":[{"type":"regular","mimeType":"image/jpg","url":"http://netb.tmsimg.com/assets/p8450631_d_v8_aa.jpg?w=256","height":1440,"width":960}],"credits":[],"genres":[{"name":"Drama"},{"name":"Aventura"}],"duration":7080000,"synopsis":{"shortSynopsis":"II Guerra Mundial é apenas uma desculpa para isolar exilados em territórios gelados da Rússia.","longSynopsis":"II Guerra Mundial é apenas uma desculpa para isolar exilados em territórios gelados da Rússia."},"isEntitled":false,"isAdult":false,"isErotic":false,"expirationDateTime":172800000,"parentalRating":{"name":"Não recomendado para menores de quatorze anos","value":14},"locator":"{0,java.lang.Integer,NORMAL}-|-{0,java.lang.Integer,NORMAL}-|-{0,java.lang.Long,INVERTED}-|-{OWMzZGE5NGIwNjhiNzk4NjRmOTY=,java.lang.String,NORMAL}[+]{singleSeasonNumber,NORMAL}-|-{singleEpisodeNumber,NORMAL}-|-{dateTimeAdded,INVERTED}-|-{hashKey,NORMAL}","_links":{"self":{"href":"/content/crid%3A%2F%2Fschange.com%2Fencripta.com.br%2FENCR1000000000032169"}}},"_links":{"self":{"href":"/contentInstances/crid%3A__schange.com%2Fencripta.com.br%2FENCR1000000000032169~ENCR1000000000032169~vod"},"playSession":{"method":"POST","href":"/devices/me/playsessions?instanceId=crid%3A__schange.com%2Fencripta.com.br%2FENCR1000000000032169~ENCR1000000000032169~vod"}}},{"id":"crid:__schange.com/warner.com/AMWB3100000138374774~imi:e3c2af5199be878d33ee0bffe56d352a~vod","resource":"contentInstance","source":"vod","type":"vod","contentType":"standalone","title":"Cegonhas: A História Que Não Te Contaram","isEntitled":false,"isPlayable":true,"contentFlags":["recordableWithoutInteractive"],"expirationDateTime":172800000,"duration":5160000,"content":{"id":"crid:__schange.com/warner.com/AMWB3100000138374774~imi:e3c2af5199be878d33ee0bffe56d352a~vod","resource":"content","type":"standalone","contentType":"standalone","title":"Cegonhas: A História Que Não Te Contaram","productionYear":2016,"media":[{"type":"regular","mimeType":"image/jpg","url":"http://netb.tmsimg.com/assets/p12443929_p_v8_ab.jpg?w=256","height":1440,"width":960}],"credits":[],"genres":[{"name":"Aventura"}],"duration":5160000,"synopsis":{"shortSynopsis":"Junior, a melhor cegonha de entrega de Cornerstore.com gera um bebê adorável sem autorização.","longSynopsis":"Junior, a melhor cegonha de entrega de Cornerstore.com gera um bebê adorável sem autorização."},"isEntitled":false,"isAdult":false,"isErotic":false,"expirationDateTime":172800000,"parentalRating":{"name":"no mapping","value":0},"locator":"{0,java.lang.Integer,NORMAL}-|-{0,java.lang.Integer,NORMAL}-|-{0,java.lang.Long,INVERTED}-|-{YTRkNzRlZTAxZTRkMDE0ZGExNzE=,java.lang.String,NORMAL}[+]{singleSeasonNumber,NORMAL}-|-{singleEpisodeNumber,NORMAL}-|-{dateTimeAdded,INVERTED}-|-{hashKey,NORMAL}","_links":{"self":{"href":"/content/crid%3A%2F%2Fschange.com%2Fwarner.com%2FAMWB3100000138374774"}}},"_links":{"self":{"href":"/contentInstances/crid%3A__schange.com%2Fwarner.com%2FAMWB3100000138374774~imi%3Ae3c2af5199be878d33ee0bffe56d352a~vod"},"playSession":{"method":"POST","href":"/devices/me/playsessions?instanceId=crid%3A__schange.com%2Fwarner.com%2FAMWB3100000138374774~imi%3Ae3c2af5199be878d33ee0bffe56d352a~vod"}}},{"id":"crid:__schange.com/dlatv.net/TDLA0100000138084173~imi:5dfa70bbd90c0271c60abdc5d6eaa3a7~vod","resource":"contentInstance","source":"vod","type":"vod","contentType":"standalone","title":"Oz: Mágico e Podero","isEntitled":false,"isPlayable":true,"contentFlags":["recordableWithoutInteractive"],"expirationDateTime":172800000,"duration":7800000,"content":{"id":"crid:__schange.com/dlatv.net/TDLA0100000138084173~imi:5dfa70bbd90c0271c60abdc5d6eaa3a7~vod","resource":"content","type":"standalone","contentType":"standalone","title":"Oz: Mágico e Podero","productionYear":2013,"media":[{"type":"regular","mimeType":"image/jpg","url":"http://netb.tmsimg.com/assets/p9259612_p_v8_ae.jpg?w=256","height":1440,"width":960}],"credits":[],"genres":[{"name":"Família"}],"duration":7800000,"synopsis":{"shortSynopsis":"Acompanhe Oscar Diggs em uma mágica e divertida aventura pela Terra de Oz!","longSynopsis":"Acompanhe Oscar Diggs em uma mágica e divertida aventura pela Terra de Oz!"},"isEntitled":false,"isAdult":false,"isErotic":false,"expirationDateTime":172800000,"parentalRating":{"name":"Não recomendado para menores de dez anos","value":10},"locator":"{0,java.lang.Integer,NORMAL}-|-{0,java.lang.Integer,NORMAL}-|-{0,java.lang.Long,INVERTED}-|-{YTRmMTc0Y2FkYzA5MzQ2MmY3MjE=,java.lang.String,NORMAL}[+]{singleSeasonNumber,NORMAL}-|-{singleEpisodeNumber,NORMAL}-|-{dateTimeAdded,INVERTED}-|-{hashKey,NORMAL}","_links":{"self":{"href":"/content/crid%3A%2F%2Fschange.com%2Fdlatv.net%2FTDLA0100000138084173"}}},"_links":{"self":{"href":"/contentInstances/crid%3A__schange.com%2Fdlatv.net%2FTDLA0100000138084173~imi%3A5dfa70bbd90c0271c60abdc5d6eaa3a7~vod"},"playSession":{"method":"POST","href":"/devices/me/playsessions?instanceId=crid%3A__schange.com%2Fdlatv.net%2FTDLA0100000138084173~imi%3A5dfa70bbd90c0271c60abdc5d6eaa3a7~vod"}}},{"id":"crid:__schange.com/encripta.com.br/ENCR1000000000033958~ENCR1000000000033958~vod","resource":"contentInstance","source":"vod","type":"vod","contentType":"standalone","title":"O Físico","isEntitled":false,"isPlayable":true,"contentFlags":["recordableWithoutInteractive"],"expirationDateTime":172800000,"duration":7140000,"content":{"id":"crid:__schange.com/encripta.com.br/ENCR1000000000033958~ENCR1000000000033958~vod","resource":"content","type":"standalone","contentType":"standalone","title":"O Físico","productionYear":2013,"media":[{"type":"regular","mimeType":"image/jpg","url":"http://netb.tmsimg.com/assets/p10660536_p_v8_ac.jpg?w=256","height":1440,"width":960}],"credits":[],"genres":[{"name":"Aventura"}],"duration":7140000,"synopsis":{"shortSynopsis":"Inglaterra, século XI. Ainda criança, Rob vê sua mãe morrer em decorrência da doença do lado.","longSynopsis":"Inglaterra, século XI. Ainda criança, Rob vê sua mãe morrer em decorrência da doença do lado."},"isEntitled":false,"isAdult":false,"isErotic":false,"expirationDateTime":172800000,"parentalRating":{"name":"Não recomendado para menores de quatorze anos","value":14},"locator":"{0,java.lang.Integer,NORMAL}-|-{0,java.lang.Integer,NORMAL}-|-{0,java.lang.Long,INVERTED}-|-{YWYxYjE2ZGI1YmUyOGU4MmI1YmI=,java.lang.String,NORMAL}[+]{singleSeasonNumber,NORMAL}-|-{singleEpisodeNumber,NORMAL}-|-{dateTimeAdded,INVERTED}-|-{hashKey,NORMAL}","_links":{"self":{"href":"/content/crid%3A%2F%2Fschange.com%2Fencripta.com.br%2FENCR1000000000033958"}}},"_links":{"self":{"href":"/contentInstances/crid%3A__schange.com%2Fencripta.com.br%2FENCR1000000000033958~ENCR1000000000033958~vod"},"playSession":{"method":"POST","href":"/devices/me/playsessions?instanceId=crid%3A__schange.com%2Fencripta.com.br%2FENCR1000000000033958~ENCR1000000000033958~vod"}}},{"id":"crid:__schange.com/encripta.com.br/ENCA1000000000041704~ENCA1000000000041704~vod","resource":"contentInstance","source":"vod","type":"vod","contentType":"standalone","title":"Um Anjo em Minha Vida","isEntitled":false,"isPlayable":true,"contentFlags":["recordableWithoutInteractive"],"expirationDateTime":172800000,"duration":5160000,"content":{"id":"crid:__schange.com/encripta.com.br/ENCA1000000000041704~ENCA1000000000041704~vod","resource":"content","type":"standalone","contentType":"standalone","title":"Um Anjo em Minha Vida","productionYear":2014,"media":[{"type":"regular","mimeType":"image/jpg","url":"http://netb.tmsimg.com/assets/p12186309_d_v8_aa.jpg?w=256","height":1440,"width":960}],"credits":[],"genres":[{"name":"Aventura"}],"duration":5160000,"synopsis":{"shortSynopsis":"Angelina tem uma grande missão, salvar sua filha do caminho da marginalidade.","longSynopsis":"Angelina tem uma grande missão, salvar sua filha do caminho da marginalidade."},"isEntitled":false,"isAdult":false,"isErotic":false,"expirationDateTime":172800000,"parentalRating":{"name":"no mapping","value":0},"locator":"{0,java.lang.Integer,NORMAL}-|-{0,java.lang.Integer,NORMAL}-|-{0,java.lang.Long,INVERTED}-|-{YjFjZWVmYWQ2MDJkNTk2NmUwM2Q=,java.lang.String,NORMAL}[+]{singleSeasonNumber,NORMAL}-|-{singleEpisodeNumber,NORMAL}-|-{dateTimeAdded,INVERTED}-|-{hashKey,NORMAL}","_links":{"self":{"href":"/content/crid%3A%2F%2Fschange.com%2Fencripta.com.br%2FENCA1000000000041704"}}},"_links":{"self":{"href":"/contentInstances/crid%3A__schange.com%2Fencripta.com.br%2FENCA1000000000041704~ENCA1000000000041704~vod"},"playSession":{"method":"POST","href":"/devices/me/playsessions?instanceId=crid%3A__schange.com%2Fencripta.com.br%2FENCA1000000000041704~ENCA1000000000041704~vod"}}},{"id":"crid:__schange.com/telecine.com/GSAT1509170132213501~GSAT1509170132213501~vod","resource":"contentInstance","source":"vod","type":"vod","contentType":"standalone","title":"Guardiões Da Galáxia","isEntitled":true,"isPlayable":true,"contentFlags":["recordableWithoutInteractive"],"duration":6960000,"content":{"id":"crid:__schange.com/telecine.com/GSAT1509170132213501~GSAT1509170132213501~vod","resource":"content","type":"standalone","contentType":"standalone","title":"Guardiões Da Galáxia","productionYear":2014,"media":[{"type":"regular","mimeType":"image/jpg","url":"http://netb.tmsimg.com/assets/p10108283_p_v8_ah.jpg?w=256","height":1440,"width":960}],"credits":[],"genres":[{"name":"Aventura"}],"duration":6960000,"synopsis":{"shortSynopsis":"Um grupo constituído por várias espécies de criminosos espaciais se une para impedir que um poderoso vilão se aposse de uma esfera capaz de destruir toda a galáxia.","longSynopsis":"Um grupo constituído por várias espécies de criminosos espaciais se une para impedir que um poderoso vilão se aposse de uma esfera capaz de destruir toda a galáxia."},"isEntitled":true,"isAdult":false,"isErotic":false,"parentalRating":{"name":"Não recomendado para menores de doze anos","value":12},"locator":"{0,java.lang.Integer,NORMAL}-|-{0,java.lang.Integer,NORMAL}-|-{0,java.lang.Long,INVERTED}-|-{YmMwMTI1NTI0ODdmZGZiZjA0OWQ=,java.lang.String,NORMAL}[+]{singleSeasonNumber,NORMAL}-|-{singleEpisodeNumber,NORMAL}-|-{dateTimeAdded,INVERTED}-|-{hashKey,NORMAL}","_links":{"self":{"href":"/content/crid%3A%2F%2Fschange.com%2Ftelecine.com%2FGSAT1509170132213501"}}},"_links":{"self":{"href":"/contentInstances/crid%3A__schange.com%2Ftelecine.com%2FGSAT1509170132213501~GSAT1509170132213501~vod"},"playSession":{"method":"POST","href":"/devices/me/playsessions?instanceId=crid%3A__schange.com%2Ftelecine.com%2FGSAT1509170132213501~GSAT1509170132213501~vod"}}},{"id":"crid:__schange.com/encripta.com.br/ENCR1000000000002352~ENCR1000000000002352~vod","resource":"contentInstance","source":"vod","type":"vod","contentType":"standalone","title":"Os Irmãos Grimm","isEntitled":false,"isPlayable":true,"contentFlags":["recordableWithoutInteractive"],"expirationDateTime":172800000,"duration":7080000,"content":{"id":"crid:__schange.com/encripta.com.br/ENCR1000000000002352~ENCR1000000000002352~vod","resource":"content","type":"standalone","contentType":"standalone","title":"Os Irmãos Grimm","productionYear":2005,"media":[{"type":"regular","mimeType":"image/jpg","url":"http://netb.tmsimg.com/assets/p89991_p_v8_ag.jpg?w=256","height":1440,"width":960}],"credits":[],"genres":[{"name":"Aventura"}],"duration":7080000,"synopsis":{"shortSynopsis":"Artistas trapaceiros, os irmãos Jake e Will Grimm viajam pelas cidadezinhas fingindo proteger os habitantes de criaturas encantadas e realizando exorcismos.","longSynopsis":"Artistas trapaceiros, os irmãos Jake e Will Grimm viajam pelas cidadezinhas fingindo proteger os habitantes de criaturas encantadas e realizando exorcismos."},"isEntitled":false,"isAdult":false,"isErotic":false,"expirationDateTime":172800000,"parentalRating":{"name":"Não recomendado para menores de quatorze anos","value":14},"locator":"{0,java.lang.Integer,NORMAL}-|-{0,java.lang.Integer,NORMAL}-|-{0,java.lang.Long,INVERTED}-|-{YmYxYTY5ZmUyODQ4YzVlNmNiMDE=,java.lang.String,NORMAL}[+]{singleSeasonNumber,NORMAL}-|-{singleEpisodeNumber,NORMAL}-|-{dateTimeAdded,INVERTED}-|-{hashKey,NORMAL}","_links":{"self":{"href":"/content/crid%3A%2F%2Fschange.com%2Fencripta.com.br%2FENCR1000000000002352"}}},"_links":{"self":{"href":"/contentInstances/crid%3A__schange.com%2Fencripta.com.br%2FENCR1000000000002352~ENCR1000000000002352~vod"},"playSession":{"method":"POST","href":"/devices/me/playsessions?instanceId=crid%3A__schange.com%2Fencripta.com.br%2FENCR1000000000002352~ENCR1000000000002352~vod"}}},{"id":"crid:__schange.com/encripta.com.br/ENCR1000000000023548~ENCR1000000000023548~vod","resource":"contentInstance","source":"vod","type":"vod","contentType":"standalone","title":"Sem Destino Novamente","isEntitled":false,"isPlayable":true,"contentFlags":["recordableWithoutInteractive"],"expirationDateTime":172800000,"duration":5880000,"content":{"id":"crid:__schange.com/encripta.com.br/ENCR1000000000023548~ENCR1000000000023548~vod","resource":"content","type":"standalone","contentType":"standalone","title":"Sem Destino Novamente","productionYear":2013,"media":[{"type":"regular","mimeType":"image/jpg","url":"http://netb.tmsimg.com/assets/p8834847_d_v8_aa.jpg?w=256","height":1440,"width":960}],"credits":[],"genres":[{"name":"Aventura"}],"duration":5880000,"synopsis":{"shortSynopsis":"Nos dias de hoje, Morgan Williams está a caminho para visitar seu pai moribundo, depois de 40 anos de brigas entre eles.","longSynopsis":"Nos dias de hoje, Morgan Williams está a caminho para visitar seu pai moribundo, depois de 40 anos de brigas entre eles."},"isEntitled":false,"isAdult":false,"isErotic":false,"expirationDateTime":172800000,"parentalRating":{"name":"Não recomendado para menores de dezesseis anos","value":16},"locator":"{0,java.lang.Integer,NORMAL}-|-{0,java.lang.Integer,NORMAL}-|-{0,java.lang.Long,INVERTED}-|-{Y2EyNzNiN2U5ZGVhZGE5NWJlZWU=,java.lang.String,NORMAL}[+]{singleSeasonNumber,NORMAL}-|-{singleEpisodeNumber,NORMAL}-|-{dateTimeAdded,INVERTED}-|-{hashKey,NORMAL}","_links":{"self":{"href":"/content/crid%3A%2F%2Fschange.com%2Fencripta.com.br%2FENCR1000000000023548"}}},"_links":{"self":{"href":"/contentInstances/crid%3A__schange.com%2Fencripta.com.br%2FENCR1000000000023548~ENCR1000000000023548~vod"},"playSession":{"method":"POST","href":"/devices/me/playsessions?instanceId=crid%3A__schange.com%2Fencripta.com.br%2FENCR1000000000023548~ENCR1000000000023548~vod"}}},{"id":"crid:__schange.com/telecine.com/GSAT1606230140581401~GSAT1606230140581401~vod","resource":"contentInstance","source":"vod","type":"vod","contentType":"standalone","title":"A Fabulosa Aventura Da Sharpay","isEntitled":true,"isPlayable":true,"contentFlags":["recordableWithoutInteractive"],"duration":5400000,"content":{"id":"crid:__schange.com/telecine.com/GSAT1606230140581401~GSAT1606230140581401~vod","resource":"content","type":"standalone","contentType":"standalone","title":"A Fabulosa Aventura Da Sharpay","productionYear":2011,"media":[{"type":"regular","mimeType":"image/jpg","url":"http://netb.tmsimg.com/assets/p8600919_b_v8_au.jpg?w=256","height":1440,"width":960}],"credits":[],"genres":[{"name":"Aventura"}],"duration":5400000,"synopsis":{"shortSynopsis":"Sharpay Evans parte em direção aos holofotes da cidade de Nova Iorque convencida de que vai conseguir fama e fortuna instantâneas na Broadway.","longSynopsis":"Sharpay Evans parte em direção aos holofotes da cidade de Nova Iorque convencida de que vai conseguir fama e fortuna instantâneas na Broadway."},"isEntitled":true,"isAdult":false,"isErotic":false,"parentalRating":{"name":"no mapping","value":0},"locator":"{0,java.lang.Integer,NORMAL}-|-{0,java.lang.Integer,NORMAL}-|-{0,java.lang.Long,INVERTED}-|-{ZDFiZjVhNWUyZDNjMjFiNzliOTY=,java.lang.String,NORMAL}[+]{singleSeasonNumber,NORMAL}-|-{singleEpisodeNumber,NORMAL}-|-{dateTimeAdded,INVERTED}-|-{hashKey,NORMAL}","_links":{"self":{"href":"/content/crid%3A%2F%2Fschange.com%2Ftelecine.com%2FGSAT1606230140581401"}}},"_links":{"self":{"href":"/contentInstances/crid%3A__schange.com%2Ftelecine.com%2FGSAT1606230140581401~GSAT1606230140581401~vod"},"playSession":{"method":"POST","href":"/devices/me/playsessions?instanceId=crid%3A__schange.com%2Ftelecine.com%2FGSAT1606230140581401~GSAT1606230140581401~vod"}}},{"id":"crid:__schange.com/encripta.com.br/ENCR1000000000038006~ENCR1000000000038006~vod","resource":"contentInstance","source":"vod","type":"vod","contentType":"standalone","title":"O Mestre Guerreiro","isEntitled":false,"isPlayable":true,"contentFlags":["recordableWithoutInteractive"],"expirationDateTime":172800000,"duration":6660000,"content":{"id":"crid:__schange.com/encripta.com.br/ENCR1000000000038006~ENCR1000000000038006~vod","resource":"content","type":"standalone","contentType":"standalone","title":"O Mestre Guerreiro","productionYear":2014,"media":[{"type":"regular","mimeType":"image/jpg","url":"http://netb.tmsimg.com/assets/p12220182_p_v8_aa.jpg?w=256","height":1440,"width":960}],"credits":[],"duration":6660000,"synopsis":{"shortSynopsis":"Cempaka, uma guerreira altamente respeitada no mundo das artes marcial é a guardiã de Golden Cane, uma arma letal poderosa.","longSynopsis":"Cempaka, uma guerreira altamente respeitada no mundo das artes marcial é a guardiã de Golden Cane, uma arma letal poderosa."},"isEntitled":false,"isAdult":false,"isErotic":false,"expirationDateTime":172800000,"parentalRating":{"name":"Não recomendado para menores de dezesseis anos","value":16},"locator":"{0,java.lang.Integer,NORMAL}-|-{0,java.lang.Integer,NORMAL}-|-{0,java.lang.Long,INVERTED}-|-{ZDZmNTJiNjcwOGFmZGI1YjZhZDA=,java.lang.String,NORMAL}[+]{singleSeasonNumber,NORMAL}-|-{singleEpisodeNumber,NORMAL}-|-{dateTimeAdded,INVERTED}-|-{hashKey,NORMAL}","_links":{"self":{"href":"/content/crid%3A%2F%2Fschange.com%2Fencripta.com.br%2FENCR1000000000038006"}}},"_links":{"self":{"href":"/contentInstances/crid%3A__schange.com%2Fencripta.com.br%2FENCR1000000000038006~ENCR1000000000038006~vod"},"playSession":{"method":"POST","href":"/devices/me/playsessions?instanceId=crid%3A__schange.com%2Fencripta.com.br%2FENCR1000000000038006~ENCR1000000000038006~vod"}}},{"id":"crid:__schange.com/telecine.com/GSAT2014061116797901~GSAT2014061116797901~vod","resource":"contentInstance","source":"vod","type":"vod","contentType":"standalone","title":"X-Men 2","isEntitled":false,"isPlayable":true,"contentFlags":["recordableWithoutInteractive"],"expirationDateTime":172800000,"duration":8040000,"content":{"id":"crid:__schange.com/telecine.com/GSAT2014061116797901~GSAT2014061116797901~vod","resource":"content","type":"standalone","contentType":"standalone","title":"X-Men 2","productionYear":2003,"media":[{"type":"regular","mimeType":"image/jpg","url":"http://netb.tmsimg.com/assets/p31889_p_v8_af.jpg?w=256","height":1440,"width":960}],"credits":[],"genres":[{"name":"Aventura"},{"name":"Ação"}],"duration":8040000,"synopsis":{"shortSynopsis":"Após um ataque,uma nova guerra entre humanos e mutantes se inicia. O General William Stryker coloca em ação um plano para extinguir os mutantes. Agora os X-Men precisam lutar contra ele. ","longSynopsis":"Após um ataque,uma nova guerra entre humanos e mutantes se inicia. O General William Stryker coloca em ação um plano para extinguir os mutantes. Agora os X-Men precisam lutar contra ele. "},"isEntitled":false,"isAdult":false,"isErotic":false,"expirationDateTime":172800000,"parentalRating":{"name":"Não recomendado para menores de doze anos","value":12},"locator":"{0,java.lang.Integer,NORMAL}-|-{0,java.lang.Integer,NORMAL}-|-{0,java.lang.Long,INVERTED}-|-{ZGFjMmE3Zjg4NWMxNmQwZTRkMWY=,java.lang.String,NORMAL}[+]{singleSeasonNumber,NORMAL}-|-{singleEpisodeNumber,NORMAL}-|-{dateTimeAdded,INVERTED}-|-{hashKey,NORMAL}","_links":{"self":{"href":"/content/crid%3A%2F%2Fschange.com%2Ftelecine.com%2FGSAT2014061116797901"}}},"_links":{"self":{"href":"/contentInstances/crid%3A__schange.com%2Ftelecine.com%2FGSAT2014061116797901~GSAT2014061116797901~vod"},"playSession":{"method":"POST","href":"/devices/me/playsessions?instanceId=crid%3A__schange.com%2Ftelecine.com%2FGSAT2014061116797901~GSAT2014061116797901~vod"}}},{"id":"crid:__schange.com/encripta.com.br/ENCA1100000000040667~ENCA1100000000040667~vod","resource":"contentInstance","source":"vod","type":"vod","contentType":"standalone","title":"Reza a Lenda","isEntitled":false,"isPlayable":true,"contentFlags":["recordableWithoutInteractive"],"expirationDateTime":172800000,"duration":5160000,"content":{"id":"crid:__schange.com/encripta.com.br/ENCA1100000000040667~ENCA1100000000040667~vod","resource":"content","type":"standalone","contentType":"standalone","title":"Reza a Lenda","productionYear":2016,"media":[{"type":"regular","mimeType":"image/jpg","url":"http://netb.tmsimg.com/assets/p12226695_p_v7_aa.jpg?w=256","height":720,"width":480}],"credits":[],"genres":[{"name":"Aventura"},{"name":"Ação"}],"duration":5160000,"synopsis":{"shortSynopsis":"Ara, é o líder de um bando de motoqueiros armados que acredita em uma antiga lenda capaz de devolver justiça e liberdade ao povo da sua região.","longSynopsis":"Ara, é o líder de um bando de motoqueiros armados que acredita em uma antiga lenda capaz de devolver justiça e liberdade ao povo da sua região."},"isEntitled":false,"isAdult":false,"isErotic":false,"expirationDateTime":172800000,"parentalRating":{"name":"Não recomendado para menores de quatorze anos","value":14},"locator":"{0,java.lang.Integer,NORMAL}-|-{0,java.lang.Integer,NORMAL}-|-{0,java.lang.Long,INVERTED}-|-{ZTBiZTJjMWE2YzlmMWMzYjdmZTA=,java.lang.String,NORMAL}[+]{singleSeasonNumber,NORMAL}-|-{singleEpisodeNumber,NORMAL}-|-{dateTimeAdded,INVERTED}-|-{hashKey,NORMAL}","_links":{"self":{"href":"/content/crid%3A%2F%2Fschange.com%2Fencripta.com.br%2FENCA1100000000040667"}}},"_links":{"self":{"href":"/contentInstances/crid%3A__schange.com%2Fencripta.com.br%2FENCA1100000000040667~ENCA1100000000040667~vod"},"playSession":{"method":"POST","href":"/devices/me/playsessions?instanceId=crid%3A__schange.com%2Fencripta.com.br%2FENCA1100000000040667~ENCA1100000000040667~vod"}}},{"id":"crid:__schange.com/dlatv.net/TDLA0100000136548748~imi:6e3886c4427438f77e6cc4af4f3b4907~vod","resource":"contentInstance","source":"vod","type":"vod","contentType":"standalone","title":"O 13º Guerreiro","isEntitled":false,"isPlayable":true,"contentFlags":["recordableWithoutInteractive"],"expirationDateTime":172800000,"duration":6120000,"content":{"id":"crid:__schange.com/dlatv.net/TDLA0100000136548748~imi:6e3886c4427438f77e6cc4af4f3b4907~vod","resource":"content","type":"standalone","contentType":"standalone","title":"O 13º Guerreiro","productionYear":1999,"media":[{"type":"regular","mimeType":"image/jpg","url":"http://netb.tmsimg.com/assets/p23616_p_v7_aa.jpg?w=256","height":720,"width":480}],"credits":[],"genres":[{"name":"Aventura"}],"duration":6120000,"synopsis":{"shortSynopsis":"Antonio Banderas protagoniza uma aventura onde um povoado depende dele.","longSynopsis":"Antonio Banderas protagoniza uma aventura onde um povoado depende dele."},"isEntitled":false,"isAdult":false,"isErotic":false,"expirationDateTime":172800000,"parentalRating":{"name":"Não recomendado para menores de dezesseis anos","value":16},"locator":"{0,java.lang.Integer,NORMAL}-|-{0,java.lang.Integer,NORMAL}-|-{0,java.lang.Long,INVERTED}-|-{ZTI5ZWE2MGIwZmM4M2RlODEwMTc=,java.lang.String,NORMAL}[+]{singleSeasonNumber,NORMAL}-|-{singleEpisodeNumber,NORMAL}-|-{dateTimeAdded,INVERTED}-|-{hashKey,NORMAL}","_links":{"self":{"href":"/content/crid%3A%2F%2Fschange.com%2Fdlatv.net%2FTDLA0100000136548748"}}},"_links":{"self":{"href":"/contentInstances/crid%3A__schange.com%2Fdlatv.net%2FTDLA0100000136548748~imi%3A6e3886c4427438f77e6cc4af4f3b4907~vod"},"playSession":{"method":"POST","href":"/devices/me/playsessions?instanceId=crid%3A__schange.com%2Fdlatv.net%2FTDLA0100000136548748~imi%3A6e3886c4427438f77e6cc4af4f3b4907~vod"}}},{"id":"crid:__schange.com/encripta.com.br/ENCA1000000000041095~ENCA1000000000041095~vod","resource":"contentInstance","source":"vod","type":"vod","contentType":"standalone","title":"Os Sobreviventes","isEntitled":false,"isPlayable":true,"contentFlags":["recordableWithoutInteractive"],"expirationDateTime":172800000,"duration":5580000,"content":{"id":"crid:__schange.com/encripta.com.br/ENCA1000000000041095~ENCA1000000000041095~vod","resource":"content","type":"standalone","contentType":"standalone","title":"Os Sobreviventes","productionYear":2014,"media":[{"type":"regular","mimeType":"image/jpg","url":"http://netb.tmsimg.com/assets/p11541766_d_v7_ab.jpg?w=256","height":720,"width":480}],"credits":[],"genres":[{"name":"Aventura"},{"name":"Ação"}],"duration":5580000,"synopsis":{"shortSynopsis":"A jovem Kate Mitra descobre um planeta habitável para o que resta da humanidade, mas uma chuva de meteoros avaria sua nave espacial e eles são abrigados a fazer um pouso forçado em lugar desconhecido.","longSynopsis":"A jovem Kate Mitra descobre um planeta habitável para o que resta da humanidade, mas uma chuva de meteoros avaria sua nave espacial e eles são abrigados a fazer um pouso forçado em lugar desconhecido."},"isEntitled":false,"isAdult":false,"isErotic":false,"expirationDateTime":172800000,"parentalRating":{"name":"Não recomendado para menores de dezesseis anos","value":16},"locator":"{0,java.lang.Integer,NORMAL}-|-{0,java.lang.Integer,NORMAL}-|-{0,java.lang.Long,INVERTED}-|-{ZTgzOGUyNjRlODVkMjgwYzYyNmU=,java.lang.String,NORMAL}[+]{singleSeasonNumber,NORMAL}-|-{singleEpisodeNumber,NORMAL}-|-{dateTimeAdded,INVERTED}-|-{hashKey,NORMAL}","_links":{"self":{"href":"/content/crid%3A%2F%2Fschange.com%2Fencripta.com.br%2FENCA1000000000041095"}}},"_links":{"self":{"href":"/contentInstances/crid%3A__schange.com%2Fencripta.com.br%2FENCA1000000000041095~ENCA1000000000041095~vod"},"playSession":{"method":"POST","href":"/devices/me/playsessions?instanceId=crid%3A__schange.com%2Fencripta.com.br%2FENCA1000000000041095~ENCA1000000000041095~vod"}}},{"id":"crid:__schange.com/synapse.com/RESY0178956320000002~imi:68d2e0836a0d26c005ab5a2a6f2888f9~vod","resource":"contentInstance","source":"vod","type":"vod","contentType":"standalone","title":"meninoma2.Com","isEntitled":false,"isPlayable":true,"contentFlags":["recordableWithoutInteractive"],"expirationDateTime":172800000,"duration":5400000,"content":{"id":"crid:__schange.com/synapse.com/RESY0178956320000002~imi:68d2e0836a0d26c005ab5a2a6f2888f9~vod","resource":"content","type":"standalone","contentType":"standalone","title":"meninoma2.Com","productionYear":1998,"media":[{"type":"regular","mimeType":"image/jpeg","url":"http://cdvrimagestg.cds.nowonline.com.br/vod/9e9f82c6-814a-439f-96d2-cf4d17dd7898/meninoma2.jpg"}],"credits":[],"duration":5400000,"synopsis":{"shortSynopsis":"Maluquinho está de volta para curtir a mais emocionante e radical aventura que uma criança já viveu. ","longSynopsis":"Maluquinho está de volta para curtir a mais emocionante e radical aventura que uma criança já viveu. "},"isEntitled":false,"isAdult":false,"isErotic":false,"expirationDateTime":172800000,"parentalRating":{"name":"no mapping","value":0},"locator":"{0,java.lang.Integer,NORMAL}-|-{0,java.lang.Integer,NORMAL}-|-{0,java.lang.Long,INVERTED}-|-{ZjA1YjgyODc4NTU0MjUzNDczMjU=,java.lang.String,NORMAL}[+]{singleSeasonNumber,NORMAL}-|-{singleEpisodeNumber,NORMAL}-|-{dateTimeAdded,INVERTED}-|-{hashKey,NORMAL}","_links":{"self":{"href":"/content/crid%3A%2F%2Fschange.com%2Fsynapse.com%2FRESY0178956320000002"}}},"_links":{"self":{"href":"/contentInstances/crid%3A__schange.com%2Fsynapse.com%2FRESY0178956320000002~imi%3A68d2e0836a0d26c005ab5a2a6f2888f9~vod"},"playSession":{"method":"POST","href":"/devices/me/playsessions?instanceId=crid%3A__schange.com%2Fsynapse.com%2FRESY0178956320000002~imi%3A68d2e0836a0d26c005ab5a2a6f2888f9~vod"}}},{"id":"crid:__schange.com/encripta.com.br/ENCR1000000000006974~ENCR1000000000006974~vod","resource":"contentInstance","source":"vod","type":"vod","contentType":"standalone","title":"Mistérios do Nilo","isEntitled":false,"isPlayable":true,"contentFlags":["recordableWithoutInteractive"],"expirationDateTime":172800000,"duration":2820000,"content":{"id":"crid:__schange.com/encripta.com.br/ENCR1000000000006974~ENCR1000000000006974~vod","resource":"content","type":"standalone","contentType":"standalone","title":"Mistérios do Nilo","productionYear":2005,"media":[{"type":"regular","mimeType":"image/jpg","url":"http://netb.tmsimg.com/assets/p87125_p_v8_aa.jpg?w=256","height":1440,"width":960}],"credits":[],"genres":[{"name":"Aventura"},{"name":"Documentários"}],"duration":2820000,"synopsis":{"shortSynopsis":"Seguindo os líderes da expedição Pasquale Scaturro e Gordon Brown em uma complicada jornada de 114 dias rio abaixo, pelo perigoso e traiçoeiro, o rio Nilo.","longSynopsis":"Seguindo os líderes da expedição Pasquale Scaturro e Gordon Brown em uma complicada jornada de 114 dias rio abaixo, pelo perigoso e traiçoeiro, o rio Nilo."},"isEntitled":false,"isAdult":false,"isErotic":false,"expirationDateTime":172800000,"parentalRating":{"name":"no mapping","value":0},"locator":"{0,java.lang.Integer,NORMAL}-|-{0,java.lang.Integer,NORMAL}-|-{0,java.lang.Long,INVERTED}-|-{ZjFkNTRlZDBhN2UyZWM0MTk1YmI=,java.lang.String,NORMAL}[+]{singleSeasonNumber,NORMAL}-|-{singleEpisodeNumber,NORMAL}-|-{dateTimeAdded,INVERTED}-|-{hashKey,NORMAL}","_links":{"self":{"href":"/content/crid%3A%2F%2Fschange.com%2Fencripta.com.br%2FENCR1000000000006974"}}},"_links":{"self":{"href":"/contentInstances/crid%3A__schange.com%2Fencripta.com.br%2FENCR1000000000006974~ENCR1000000000006974~vod"},"playSession":{"method":"POST","href":"/devices/me/playsessions?instanceId=crid%3A__schange.com%2Fencripta.com.br%2FENCR1000000000006974~ENCR1000000000006974~vod"}}},{"id":"crid:__schange.com/telecine.com/GSAT1608160142567201~GSAT1608160142567201~vod","resource":"contentInstance","source":"vod","type":"vod","contentType":"standalone","title":"Missão: Marte","isEntitled":true,"isPlayable":true,"contentFlags":["recordableWithoutInteractive"],"duration":6480000,"content":{"id":"crid:__schange.com/telecine.com/GSAT1608160142567201~GSAT1608160142567201~vod","resource":"content","type":"standalone","contentType":"standalone","title":"Missão: Marte","productionYear":2000,"media":[{"type":"regular","mimeType":"image/jpg","url":"http://netb.tmsimg.com/assets/p25012_p_v8_an.jpg?w=256","height":1440,"width":960}],"credits":[],"genres":[{"name":"Aventura"}],"duration":6480000,"synopsis":{"shortSynopsis":"A primeira missão tripulada a Marte sofre um misterioso acidente. Agora, uma equipe de resgate é enviada para tentar trazer possíveis sobreviventes.","longSynopsis":"A primeira missão tripulada a Marte sofre um misterioso acidente. Agora, uma equipe de resgate é enviada para tentar trazer possíveis sobreviventes."},"isEntitled":true,"isAdult":false,"isErotic":false,"parentalRating":{"name":"no mapping","value":0},"locator":"{0,java.lang.Integer,NORMAL}-|-{0,java.lang.Integer,NORMAL}-|-{0,java.lang.Long,INVERTED}-|-{ZjVkYzgxN2QxOTczYzM2NDQ3YmQ=,java.lang.String,NORMAL}[+]{singleSeasonNumber,NORMAL}-|-{singleEpisodeNumber,NORMAL}-|-{dateTimeAdded,INVERTED}-|-{hashKey,NORMAL}","_links":{"self":{"href":"/content/crid%3A%2F%2Fschange.com%2Ftelecine.com%2FGSAT1608160142567201"}}},"_links":{"self":{"href":"/contentInstances/crid%3A__schange.com%2Ftelecine.com%2FGSAT1608160142567201~GSAT1608160142567201~vod"},"playSession":{"method":"POST","href":"/devices/me/playsessions?instanceId=crid%3A__schange.com%2Ftelecine.com%2FGSAT1608160142567201~GSAT1608160142567201~vod"}}},{"id":"crid:__schange.com/telecine.com/GSAB2013060106655901~GSAB2013060106655901~vod","resource":"contentInstance","source":"vod","type":"vod","contentType":"standalone","title":"X-Men - O Filme","isEntitled":false,"isPlayable":true,"contentFlags":["recordableWithoutInteractive"],"expirationDateTime":172800000,"duration":6300000,"content":{"id":"crid:__schange.com/telecine.com/GSAB2013060106655901~GSAB2013060106655901~vod","resource":"content","type":"standalone","contentType":"standalone","title":"X-Men - O Filme","productionYear":2000,"media":[{"type":"regular","mimeType":"image/jpg","url":"http://netb.tmsimg.com/assets/p25028_p_v8_ac.jpg?w=256","height":1440,"width":960}],"credits":[],"genres":[{"name":"Ação"},{"name":"Fantasia"}],"duration":6300000,"synopsis":{"shortSynopsis":"Os mutantes são tópico de uma discussão.Tal situação coloca dois velhos colegas mutantes Xavier e Magneto em oposição e tentam convencer Wolverine e Vampira a se juntarem às suas respectivas equipes.","longSynopsis":"Os mutantes são tópico de uma discussão.Tal situação coloca dois velhos colegas mutantes Xavier e Magneto em oposição e tentam convencer Wolverine e Vampira a se juntarem às suas respectivas equipes."},"isEntitled":false,"isAdult":false,"isErotic":false,"expirationDateTime":172800000,"parentalRating":{"name":"Não recomendado para menores de doze anos","value":12},"locator":"{0,java.lang.Integer,NORMAL}-|-{0,java.lang.Integer,NORMAL}-|-{0,java.lang.Long,INVERTED}-|-{ZjhhNjg2N2QxMzYzODVkOWMyMDM=,java.lang.String,NORMAL}[+]{singleSeasonNumber,NORMAL}-|-{singleEpisodeNumber,NORMAL}-|-{dateTimeAdded,INVERTED}-|-{hashKey,NORMAL}","_links":{"self":{"href":"/content/crid%3A%2F%2Fschange.com%2Ftelecine.com%2FGSAB2013060106655901"}}},"_links":{"self":{"href":"/contentInstances/crid%3A__schange.com%2Ftelecine.com%2FGSAB2013060106655901~GSAB2013060106655901~vod"},"playSession":{"method":"POST","href":"/devices/me/playsessions?instanceId=crid%3A__schange.com%2Ftelecine.com%2FGSAB2013060106655901~GSAB2013060106655901~vod"}}}],"locators":{"start":"{0,java.lang.Integer,NORMAL}-|-{0,java.lang.Integer,NORMAL}-|-{0,java.lang.Long,INVERTED}-|-{MDEyNGRjMWFlNGQzNTMzMjc5MWU=,java.lang.String,NORMAL}[+]{singleSeasonNumber,NORMAL}-|-{singleEpisodeNumber,NORMAL}-|-{dateTimeAdded,INVERTED}-|-{hashKey,NORMAL}","end":"{0,java.lang.Integer,NORMAL}-|-{0,java.lang.Integer,NORMAL}-|-{0,java.lang.Long,INVERTED}-|-{ZjhhNjg2N2QxMzYzODVkOWMyMDM=,java.lang.String,NORMAL}[+]{singleSeasonNumber,NORMAL}-|-{singleEpisodeNumber,NORMAL}-|-{dateTimeAdded,INVERTED}-|-{hashKey,NORMAL}"},"_links":{"self":{"href":"/agg/content?categoryId=crid%3A%2F%2Fschange.com%2F7a6c12d2-32f7-4f6f-8beb-66ddd2c84aeb~TERM%3Acrid%3A%2F%2Fschange.com%2F7a6c12d2-32f7-4f6f-8beb-66ddd2c84aeb&sort=-dateTimeAdded&limit=50&isAdult=false&isErotic=true&source=vod&needVodPurchaseProperty=true&offset=undefined&classificationId=crid%3A%2F%2Fschange.com%2F7a6c12d2-32f7-4f6f-8beb-66ddd2c84aeb&phrase=undefined&serviceLocator=undefined&seriesId=undefined&seasonId=undefined"}}}