{
  "count": 10,
  "total": 15,
  "content": [
    {
      "id": "auto:The_Secret_Life_of_Pets~The_Secret_Life_of_PetsinstanceId~vod",
      "resource": "contentInstance",
      "source": "vod",
      "type": "vod",
      "contentType": "standalone",
      "title": "The Secret Life of Pets",
      "isEntitled": true,
      "isPlayable": true,
      "contentFlags": [
        "recordableWithoutInteractive"
      ],
      "duration": 180000,
      "content": {
        "id": "auto:The_Secret_Life_of_Pets~The_Secret_Life_of_PetsinstanceId~vod",
        "resource": "content",
        "type": "standalone",
        "contentType": "standalone",
        "title": "The Secret Life of Pets",
        "audioFormat": "stereo",
        "media": [
          {
            "type": "regular",
            "mimeType": "image/jpeg",
            "url": "http://origin.ztv.systems/poster/the_secret_life_of_pets.jpg",
            "height": 168,
            "width": 300
          },
          {
            "type": "regular",
            "mimeType": "image/jpeg",
            "url": "http://origin.ztv.systems/poster/the_secret_life_of_pets_box.jpg",
            "height": 288,
            "width": 185
          }
        ],
        "credits": [],
        "genres": [
          {
            "name": "Children"
          }
        ],
        "duration": 180000,
        "synopsis": {
          "shortSynopsis": "Taking place in a Manhattan apartment building, Max's life as a favorite pet is turned upside down, when his owner brings home a sloppy mongrel named Duke.",
          "longSynopsis": "Taking place in a Manhattan apartment building, Max's life as a favorite pet is turned upside down, when his owner brings home a sloppy mongrel named Duke."
        },
        "isEntitled": true,
        "isAdult": false,
        "isErotic": false,
        "parentalRating": {
          "name": "no mapping"
        },
        "locator": "{0,java.lang.Long,INVERTED}-|-{MjJmNDg0YmQ5MDBhYTM5MGM3YTI=,java.lang.String,NORMAL}[+]{dateTimeAdded,INVERTED}-|-{hashKey,NORMAL}",
        "_links": {
          "self": {
            "href": "/content/auto%3AThe_Secret_Life_of_Pets"
          }
        }
      },
      "_links": {
        "self": {
          "href": "/contentInstances/auto%3AThe_Secret_Life_of_Pets~The_Secret_Life_of_PetsinstanceId~vod"
        },
        "playSession": {
          "method": "POST",
          "href": "/devices/me/playsessions?instanceId=auto%3AThe_Secret_Life_of_Pets~The_Secret_Life_of_PetsinstanceId~vod"
        }
      }
    },
    {
      "id": "auto:He_Named_Me_Malala~He_Named_Me_MalalainstanceId~vod",
      "resource": "contentInstance",
      "source": "vod",
      "type": "vod",
      "contentType": "standalone",
      "title": "He Named Me Malala",
      "isEntitled": true,
      "isPlayable": true,
      "contentFlags": [
        "recordableWithoutInteractive"
      ],
      "duration": 180000,
      "content": {
        "id": "auto:He_Named_Me_Malala~He_Named_Me_MalalainstanceId~vod",
        "resource": "content",
        "type": "standalone",
        "contentType": "standalone",
        "title": "He Named Me Malala",
        "audioFormat": "stereo",
        "trailer": {
          "trailerContentId": "programid://2083155082~programid://119089901"
        },
        "media": [
          {
            "type": "regular",
            "mimeType": "image/jpeg",
            "url": "http://origin.ztv.systems/poster/HeNamedMeMalala.jpg",
            "height": 168,
            "width": 300
          },
          {
            "type": "regular",
            "mimeType": "image/jpeg",
            "url": "http://origin.ztv.systems/poster/HeNamedMeMalala_box.jpg",
            "height": 288,
            "width": 185
          }
        ],
        "credits": [],
        "duration": 180000,
        "synopsis": {
          "shortSynopsis": "A look at the events leading up to the Taliban's attack on Pakistani schoolgirl, Malala Yousafzai, for speaking out on girls' education followed by the aftermath.",
          "longSynopsis": "A look at the events leading up to the Taliban's attack on Pakistani schoolgirl, Malala Yousafzai, for speaking out on girls' education followed by the aftermath."
        },
        "isEntitled": true,
        "isAdult": false,
        "isErotic": false,
        "parentalRating": {
          "name": "no mapping"
        },
        "locator": "{0,java.lang.Long,INVERTED}-|-{MjgwMjYzMjg4NTEwNmY0NjZlN2I=,java.lang.String,NORMAL}[+]{dateTimeAdded,INVERTED}-|-{hashKey,NORMAL}",
        "_links": {
          "self": {
            "href": "/content/auto%3AHe_Named_Me_Malala"
          }
        }
      },
      "_links": {
        "self": {
          "href": "/contentInstances/auto%3AHe_Named_Me_Malala~He_Named_Me_MalalainstanceId~vod"
        },
        "playSession": {
          "method": "POST",
          "href": "/devices/me/playsessions?instanceId=auto%3AHe_Named_Me_Malala~He_Named_Me_MalalainstanceId~vod"
        }
      }
    },
    {
      "id": "auto:Finding_Dory~FindingDoryinstanceId~vod",
      "resource": "contentInstance",
      "source": "vod",
      "type": "vod",
      "contentType": "standalone",
      "title": "Finding Dory",
      "isEntitled": true,
      "isPlayable": true,
      "contentFlags": [
        "recordableWithoutInteractive"
      ],
      "duration": 90000,
      "content": {
        "id": "auto:Finding_Dory~FindingDoryinstanceId~vod",
        "resource": "content",
        "type": "standalone",
        "contentType": "standalone",
        "title": "Finding Dory",
        "audioFormat": "stereo",
        "media": [
          {
            "type": "regular",
            "mimeType": "image/jpeg",
            "url": "http://origin.ztv.systems/poster/findingdory.jpg",
            "height": 168,
            "width": 300
          },
          {
            "type": "regular",
            "mimeType": "image/jpeg",
            "url": "http://origin.ztv.systems/poster/findingdory_box.jpg",
            "height": 288,
            "width": 185
          }
        ],
        "credits": [],
        "genres": [
          {
            "name": "Children"
          }
        ],
        "duration": 90000,
        "synopsis": {
          "shortSynopsis": "The friendly-but-forgetful blue tang fish reunites with her loved ones, and everyone learns a few things about the real meaning of family along the way.",
          "longSynopsis": "The friendly-but-forgetful blue tang fish reunites with her loved ones, and everyone learns a few things about the real meaning of family along the way."
        },
        "isEntitled": true,
        "isAdult": false,
        "isErotic": false,
        "parentalRating": {
          "name": "no mapping"
        },
        "locator": "{0,java.lang.Long,INVERTED}-|-{NmIwOTlkNGFiYzIyZWRkMTU3OGY=,java.lang.String,NORMAL}[+]{dateTimeAdded,INVERTED}-|-{hashKey,NORMAL}",
        "_links": {
          "self": {
            "href": "/content/auto%3AFinding_Dory"
          }
        }
      },
      "_links": {
        "self": {
          "href": "/contentInstances/auto%3AFinding_Dory~FindingDoryinstanceId~vod"
        },
        "playSession": {
          "method": "POST",
          "href": "/devices/me/playsessions?instanceId=auto%3AFinding_Dory~FindingDoryinstanceId~vod"
        }
      }
    },
    {
      "id": "auto:Nice_Guys~Nice_GuysinstanceId~vod",
      "resource": "contentInstance",
      "source": "vod",
      "type": "vod",
      "contentType": "standalone",
      "title": "Nice Guys",
      "isEntitled": true,
      "isPlayable": true,
      "contentFlags": [
        "recordableWithoutInteractive"
      ],
      "duration": 120000,
      "content": {
        "id": "auto:Nice_Guys~Nice_GuysinstanceId~vod",
        "resource": "content",
        "type": "standalone",
        "contentType": "standalone",
        "title": "Nice Guys",
        "audioFormat": "stereo",
        "media": [
          {
            "type": "regular",
            "mimeType": "image/jpeg",
            "url": "http://origin.ztv.systems/poster/nice_guys.jpg",
            "height": 168,
            "width": 300
          },
          {
            "type": "regular",
            "mimeType": "image/jpeg",
            "url": "http://origin.ztv.systems/poster/nice_guys_box.jpg",
            "height": 288,
            "width": 185
          }
        ],
        "credits": [],
        "genres": [
          {
            "name": "Action"
          }
        ],
        "duration": 120000,
        "synopsis": {
          "shortSynopsis": "A private eye investigates the apparent suicide of a fading porn star in 1970s Los Angeles and uncovers a conspiracy. ",
          "longSynopsis": "A private eye investigates the apparent suicide of a fading porn star in 1970s Los Angeles and uncovers a conspiracy. "
        },
        "isEntitled": true,
        "isAdult": false,
        "isErotic": false,
        "parentalRating": {
          "name": "no mapping"
        },
        "locator": "{0,java.lang.Long,INVERTED}-|-{NzJmY2Q1ODg3NGZlM2YwYWVjMTk=,java.lang.String,NORMAL}[+]{dateTimeAdded,INVERTED}-|-{hashKey,NORMAL}",
        "_links": {
          "self": {
            "href": "/content/auto%3ANice_Guys"
          }
        }
      },
      "_links": {
        "self": {
          "href": "/contentInstances/auto%3ANice_Guys~Nice_GuysinstanceId~vod"
        },
        "playSession": {
          "method": "POST",
          "href": "/devices/me/playsessions?instanceId=auto%3ANice_Guys~Nice_GuysinstanceId~vod"
        }
      }
    },
    {
      "id": "auto:The_Revenant~The_RevenantinstanceId~vod",
      "resource": "contentInstance",
      "source": "vod",
      "type": "vod",
      "contentType": "standalone",
      "title": "The_Revenant",
      "isEntitled": true,
      "isPlayable": true,
      "contentFlags": [
        "recordableWithoutInteractive"
      ],
      "duration": 180000,
      "content": {
        "id": "auto:The_Revenant~The_RevenantinstanceId~vod",
        "resource": "content",
        "type": "standalone",
        "contentType": "standalone",
        "title": "The_Revenant",
        "audioFormat": "stereo",
        "media": [
          {
            "type": "regular",
            "mimeType": "image/jpeg",
            "url": "http://origin.ztv.systems/poster/The_Revenant_box.jpg",
            "height": 288,
            "width": 185
          },
          {
            "type": "regular",
            "mimeType": "image/jpeg",
            "url": "http://origin.ztv.systems/poster/The_Revenant.jpg",
            "height": 168,
            "width": 300
          }
        ],
        "credits": [],
        "genres": [
          {
            "name": "Action"
          }
        ],
        "duration": 180000,
        "synopsis": {
          "shortSynopsis": "A frontiersman on a fur trading expedition in the 1820's fights for survival after being mauled by a bear and left for dead by members of his own hunting team.",
          "longSynopsis": "A frontiersman on a fur trading expedition in the 1820's fights for survival after being mauled by a bear and left for dead by members of his own hunting team."
        },
        "isEntitled": true,
        "isAdult": false,
        "isErotic": false,
        "parentalRating": {
          "name": "no mapping"
        },
        "locator": "{0,java.lang.Long,INVERTED}-|-{NzQ3ZDU0NDk2OTc5NGI3YWJlZWQ=,java.lang.String,NORMAL}[+]{dateTimeAdded,INVERTED}-|-{hashKey,NORMAL}",
        "_links": {
          "self": {
            "href": "/content/auto%3AThe_Revenant"
          }
        }
      },
      "_links": {
        "self": {
          "href": "/contentInstances/auto%3AThe_Revenant~The_RevenantinstanceId~vod"
        },
        "playSession": {
          "method": "POST",
          "href": "/devices/me/playsessions?instanceId=auto%3AThe_Revenant~The_RevenantinstanceId~vod"
        }
      }
    },
    {
      "id": "auto:Sintel~SintelinstanceId~vod",
      "resource": "contentInstance",
      "source": "vod",
      "type": "vod",
      "contentType": "standalone",
      "title": "Sintel",
      "isEntitled": true,
      "isPlayable": true,
      "contentFlags": [
        "recordableWithoutInteractive"
      ],
      "duration": 180000,
      "content": {
        "id": "auto:Sintel~SintelinstanceId~vod",
        "resource": "content",
        "type": "standalone",
        "contentType": "standalone",
        "title": "Sintel",
        "audioFormat": "stereo",
        "media": [
          {
            "type": "regular",
            "mimeType": "image/jpeg",
            "url": "http://origin.ztv.systems/poster/sintel.jpg",
            "height": 288,
            "width": 185
          },
          {
            "type": "regular",
            "mimeType": "image/jpeg",
            "url": "http://origin.ztv.systems/poster/sintel_box.jpg",
            "height": 168,
            "width": 300
          }
        ],
        "credits": [],
        "genres": [
          {
            "name": "Animated"
          }
        ],
        "duration": 180000,
        "synopsis": {
          "shortSynopsis": "The film follows a girl named Sintel who is searching for a baby dragon she calls Scales. A flashback reveals that Sintel found Scales with its wing injured and helped care for it.",
          "longSynopsis": "The film follows a girl named Sintel who is searching for a baby dragon she calls Scales. A flashback reveals that Sintel found Scales with its wing injured and helped care for it."
        },
        "isEntitled": true,
        "isAdult": false,
        "isErotic": false,
        "parentalRating": {
          "name": "no mapping"
        },
        "locator": "{0,java.lang.Long,INVERTED}-|-{OGQzOTdmYjcxNzI5NTcxODZjNzM=,java.lang.String,NORMAL}[+]{dateTimeAdded,INVERTED}-|-{hashKey,NORMAL}",
        "_links": {
          "self": {
            "href": "/content/auto%3ASintel"
          }
        }
      },
      "_links": {
        "self": {
          "href": "/contentInstances/auto%3ASintel~SintelinstanceId~vod"
        },
        "playSession": {
          "method": "POST",
          "href": "/devices/me/playsessions?instanceId=auto%3ASintel~SintelinstanceId~vod"
        }
      }
    },
    {
      "id": "auto:Divergent~DivergentinstanceId~vod",
      "resource": "contentInstance",
      "source": "vod",
      "type": "vod",
      "contentType": "standalone",
      "title": "Divergent",
      "isEntitled": true,
      "isPlayable": true,
      "contentFlags": [
        "recordableWithoutInteractive"
      ],
      "duration": 4620000,
      "content": {
        "id": "auto:Divergent~DivergentinstanceId~vod",
        "resource": "content",
        "type": "standalone",
        "contentType": "standalone",
        "title": "Divergent",
        "audioFormat": "stereo",
        "media": [
          {
            "type": "regular",
            "mimeType": "image/jpeg",
            "url": "http://origin.ztv.systems/poster/divergentbox_cover.jpg",
            "height": 288,
            "width": 185
          },
          {
            "type": "regular",
            "mimeType": "image/jpeg",
            "url": "http://origin.ztv.systems/poster/Die_Bestimmung_box.jpg",
            "height": 168,
            "width": 300
          }
        ],
        "credits": [],
        "genres": [
          {
            "name": "Adventure"
          }
        ],
        "duration": 4620000,
        "synopsis": {
          "shortSynopsis": "Determination - Divergent (Original title: Divergent) is an American science fiction film from the year 2014.",
          "longSynopsis": "Determination - Divergent (Original title: Divergent) is an American science fiction film from the year 2014."
        },
        "isEntitled": true,
        "isAdult": false,
        "isErotic": false,
        "parentalRating": {
          "name": "no mapping"
        },
        "locator": "{0,java.lang.Long,INVERTED}-|-{YTExMDE2MTU0MjU2YjYzMDZkNjM=,java.lang.String,NORMAL}[+]{dateTimeAdded,INVERTED}-|-{hashKey,NORMAL}",
        "_links": {
          "self": {
            "href": "/content/auto%3ADivergent"
          }
        }
      },
      "_links": {
        "self": {
          "href": "/contentInstances/auto%3ADivergent~DivergentinstanceId~vod"
        },
        "playSession": {
          "method": "POST",
          "href": "/devices/me/playsessions?instanceId=auto%3ADivergent~DivergentinstanceId~vod"
        }
      }
    },
    {
      "id": "auto:DeepwaterHorizon~auto:DeepwaterHorizon:instanceId~vod",
      "resource": "contentInstance",
      "source": "vod",
      "type": "vod",
      "contentType": "standalone",
      "title": "Deepwater Horizon",
      "isEntitled": true,
      "isPlayable": true,
      "contentFlags": [
        "recordableWithoutInteractive"
      ],
      "duration": 120000,
      "content": {
        "id": "auto:DeepwaterHorizon~auto:DeepwaterHorizon:instanceId~vod",
        "resource": "content",
        "type": "standalone",
        "contentType": "standalone",
        "title": "Deepwater Horizon",
        "audioFormat": "stereo",
        "media": [
          {
            "type": "regular",
            "mimeType": "image/jpeg",
            "url": "http://origin.ztv.systems/poster/Deepwater_box.jpg",
            "height": 219,
            "width": 147
          },
          {
            "type": "regular",
            "mimeType": "image/jpeg",
            "url": "http://origin.ztv.systems/poster/Deepwater.jpg",
            "height": 168,
            "width": 300
          }
        ],
        "credits": [],
        "genres": [
          {
            "name": "Animated"
          }
        ],
        "duration": 120000,
        "synopsis": {
          "shortSynopsis": "A story set on the offshore drilling rig Deepwater Horizon, which exploded during April 2010 and created the worst oil spill in U.S. history.",
          "longSynopsis": "A story set on the offshore drilling rig Deepwater Horizon, which exploded during April 2010 and created the worst oil spill in U.S. history."
        },
        "isEntitled": true,
        "isAdult": false,
        "isErotic": false,
        "parentalRating": {
          "name": "no mapping"
        },
        "locator": "{0,java.lang.Long,INVERTED}-|-{YWI1NzliODFjOTUwZGE3OGRiMzk=,java.lang.String,NORMAL}[+]{dateTimeAdded,INVERTED}-|-{hashKey,NORMAL}",
        "_links": {
          "self": {
            "href": "/content/auto%3ADeepwaterHorizon"
          }
        }
      },
      "_links": {
        "self": {
          "href": "/contentInstances/auto%3ADeepwaterHorizon~auto%3ADeepwaterHorizon%3AinstanceId~vod"
        },
        "playSession": {
          "method": "POST",
          "href": "/devices/me/playsessions?instanceId=auto%3ADeepwaterHorizon~auto%3ADeepwaterHorizon%3AinstanceId~vod"
        }
      }
    },
    {
      "id": "auto:Vacation~VacationinstanceId~vod",
      "resource": "contentInstance",
      "source": "vod",
      "type": "vod",
      "contentType": "standalone",
      "title": "Vacation",
      "isEntitled": true,
      "isPlayable": true,
      "contentFlags": [
        "recordableWithoutInteractive"
      ],
      "duration": 180000,
      "content": {
        "id": "auto:Vacation~VacationinstanceId~vod",
        "resource": "content",
        "type": "standalone",
        "contentType": "standalone",
        "title": "Vacation",
        "audioFormat": "stereo",
        "media": [
          {
            "type": "regular",
            "mimeType": "image/jpeg",
            "url": "http://origin.ztv.systems/poster/vacation_box.jpg",
            "height": 288,
            "width": 185
          },
          {
            "type": "regular",
            "mimeType": "image/jpeg",
            "url": "http://origin.ztv.systems/poster/vacation.jpg",
            "height": 168,
            "width": 300
          }
        ],
        "credits": [],
        "genres": [
          {
            "name": "Comedy"
          }
        ],
        "duration": 180000,
        "synopsis": {
          "shortSynopsis": "Rusty Griswold takes his own family on a road trip to 'Walley World' in order to spice things up with his wife and reconnect with his sons.",
          "longSynopsis": "Rusty Griswold takes his own family on a road trip to 'Walley World' in order to spice things up with his wife and reconnect with his sons."
        },
        "isEntitled": true,
        "isAdult": false,
        "isErotic": false,
        "parentalRating": {
          "name": "no mapping"
        },
        "locator": "{0,java.lang.Long,INVERTED}-|-{YWNhMTZlNTJlMDk4MTYxZTEyZDE=,java.lang.String,NORMAL}[+]{dateTimeAdded,INVERTED}-|-{hashKey,NORMAL}",
        "_links": {
          "self": {
            "href": "/content/auto%3AVacation"
          }
        }
      },
      "_links": {
        "self": {
          "href": "/contentInstances/auto%3AVacation~VacationinstanceId~vod"
        },
        "playSession": {
          "method": "POST",
          "href": "/devices/me/playsessions?instanceId=auto%3AVacation~VacationinstanceId~vod"
        }
      }
    },
    {
      "id": "auto:Love_Friendship~Love_FriendshipinstanceId~vod",
      "resource": "contentInstance",
      "source": "vod",
      "type": "vod",
      "contentType": "standalone",
      "title": "Love_Friendship",
      "isEntitled": true,
      "isPlayable": true,
      "contentFlags": [
        "recordableWithoutInteractive"
      ],
      "duration": 180000,
      "content": {
        "id": "auto:Love_Friendship~Love_FriendshipinstanceId~vod",
        "resource": "content",
        "type": "standalone",
        "contentType": "standalone",
        "title": "Love_Friendship",
        "audioFormat": "stereo",
        "media": [
          {
            "type": "regular",
            "mimeType": "image/jpeg",
            "url": "http://origin.ztv.systems/poster/Love_Friendship_box.jpg",
            "height": 288,
            "width": 185
          },
          {
            "type": "regular",
            "mimeType": "image/jpeg",
            "url": "http://origin.ztv.systems/poster/Love_Friendship.jpg",
            "height": 168,
            "width": 300
          }
        ],
        "credits": [],
        "genres": [
          {
            "name": "Drama"
          }
        ],
        "duration": 180000,
        "synopsis": {
          "shortSynopsis": "Lady Susan Vernon takes up temporary residence at her in-laws' estate and, while there, is determined to be a matchmaker for her daughter Frederica -- and herself too, naturally.",
          "longSynopsis": "Lady Susan Vernon takes up temporary residence at her in-laws' estate and, while there, is determined to be a matchmaker for her daughter Frederica -- and herself too, naturally."
        },
        "isEntitled": true,
        "isAdult": false,
        "isErotic": false,
        "parentalRating": {
          "name": "no mapping"
        },
        "locator": "{0,java.lang.Long,INVERTED}-|-{YjAxNWQyNTcwNmIyYjIwYjBhZjI=,java.lang.String,NORMAL}[+]{dateTimeAdded,INVERTED}-|-{hashKey,NORMAL}",
        "_links": {
          "self": {
            "href": "/content/auto%3ALove_Friendship"
          }
        }
      },
      "_links": {
        "self": {
          "href": "/contentInstances/auto%3ALove_Friendship~Love_FriendshipinstanceId~vod"
        },
        "playSession": {
          "method": "POST",
          "href": "/devices/me/playsessions?instanceId=auto%3ALove_Friendship~Love_FriendshipinstanceId~vod"
        }
      }
    }
  ],
  "locators": {
    "start": "{0,java.lang.Long,INVERTED}-|-{MjJmNDg0YmQ5MDBhYTM5MGM3YTI=,java.lang.String,NORMAL}[+]{dateTimeAdded,INVERTED}-|-{hashKey,NORMAL}",
    "end": "{0,java.lang.Long,INVERTED}-|-{YjAxNWQyNTcwNmIyYjIwYjBhZjI=,java.lang.String,NORMAL}[+]{dateTimeAdded,INVERTED}-|-{hashKey,NORMAL}"
  },
  "_links": {
    "self": {
      "href": "/agg/content?limit=10&offset=0&source=vod&classificationId=undefined&phrase=undefined&serviceLocator=undefined&sort=undefined&seriesId=undefined&seasonId=undefined"
    }
  }
}