{
  "id": "auto:The_Secret_Life_of_Pets~The_Secret_Life_of_PetsinstanceId~vod",
  "resource": "contentInstance",
  "type": "vod",
  "contentType": "standalone",
  "title": "The Secret Life of Pets",
  "isEntitled": true,
  "isPlayable": true,
  "isVodFavorite": false,
  "contentFlags": [
    "recordableWithoutInteractive"
  ],
  "lastPlayPosition": 0,
  "duration": 180000,
  "channel": {
    "isEntitled": true,
    "isPlayable": true,
    "_links": {
      "self": {
        "href": "/contentInstances/auto%3AThe_Secret_Life_of_Pets~The_Secret_Life_of_PetsinstanceId~vod"
      },
      "playSession": {
        "method": "POST",
        "href": "/devices/me/playsessions?instanceId=auto%3AThe_Secret_Life_of_Pets~The_Secret_Life_of_PetsinstanceId~vod"
      }
    }
  },
  "content": {
    "id": "auto:The_Secret_Life_of_Pets~The_Secret_Life_of_PetsinstanceId~vod",
    "resource": "content",
    "type": "standalone",
    "contentType": "standalone",
    "title": "The Secret Life of Pets",
    "audioFormat": "stereo",
    "videoFormat": "sd",
    "subtitleLanguages": [
      "deu"
    ],
    "isAdult": false,
    "isErotic": false,
    "media": [
      {
        "type": "regular",
        "mimeType": "image/jpeg",
        "url": "http://origin.ztv.systems/poster/the_secret_life_of_pets.jpg",
        "height": 168,
        "width": 300
      },
      {
        "type": "regular",
        "mimeType": "image/jpeg",
        "url": "http://origin.ztv.systems/poster/the_secret_life_of_pets_box.jpg",
        "height": 288,
        "width": 185
      }
    ],
    "credits": [
      {
        "name": "Kevin Hart",
        "type": "ACTOR"
      },
      {
        "name": "Lake Bell",
        "type": "ACTOR"
      },
      {
        "name": "Ellie Kemper",
        "type": "ACTOR"
      },
      {
        "name": "Chris Renaud",
        "type": "DIRECTOR"
      }
    ],
    "genres": [
      {
        "name": "Children"
      }
    ],
    "duration": 180000,
    "synopsis": {
      "shortSynopsis": "Taking place in a Manhattan apartment building, Max's life as a favorite pet is turned upside down, when his owner brings home a sloppy mongrel named Duke.",
      "longSynopsis": "Taking place in a Manhattan apartment building, Max's life as a favorite pet is turned upside down, when his owner brings home a sloppy mongrel named Duke."
    },
    "isEntitled": true,
    "parentalRating": {
      "name": "no mapping"
    },
    "purchases": [
      {
        "offerId": "2",
        "currencySymbol": "$",
        "authorizationType": "SVOD",
        "price": 9900
      }
    ],
    "_links": {
      "self": {
        "href": "/content/auto%3AThe_Secret_Life_of_Pets"
      }
    }
  },
  "_links": {
    "self": {
      "href": "/contentInstances/auto%3AThe_Secret_Life_of_Pets~The_Secret_Life_of_PetsinstanceId~vod"
    },
    "playSession": {
      "method": "POST",
      "href": "/devices/me/playsessions?instanceId=auto%3AThe_Secret_Life_of_Pets~The_Secret_Life_of_PetsinstanceId~vod"
    }
  }
}