{"id":"crid:__schange.com/tvglobo.com.br/TVGL1612061602470101~imi:d274e520be247e6f118017fbbedd2e20~vod","resource":"contentInstance","type":"vod","contentType":"standalone","title":"Supermax","isEntitled":false,"isPlayable":true,"contentFlags":["recordableWithoutInteractive"],"expirationDateTime":1296000000,"lastPlayPosition":0,"duration":2460000,"channel":{"isEntitled":false,"isPlayable":true,"_links":{"self":{"href":"/contentInstances/crid%3A__schange.com%2Ftvglobo.com.br%2FTVGL1612061602470101~imi%3Ad274e520be247e6f118017fbbedd2e20~vod"},"playSession":{"method":"POST","href":"/devices/me/playsessions?instanceId=crid%3A__schange.com%2Ftvglobo.com.br%2FTVGL1612061602470101~imi%3Ad274e520be247e6f118017fbbedd2e20~vod"}}},"content":{"id":"crid:__schange.com/tvglobo.com.br/TVGL1612061602470101~imi:d274e520be247e6f118017fbbedd2e20~vod","resource":"content","type":"standalone","contentType":"standalone","title":"Supermax","productionYear":2016,"videoFormat":"hd","isAdult":false,"isErotic":false,"media":[{"type":"regular","mimeType":"image/jpg","url":"http://netb.tmsimg.com/assets/p13097369_b_v8_am.jpg?w=256","height":1440,"width":960}],"credits":[{"name":"Mariana Ximenes","type":"ACTOR"},{"name":"Cléo Pires","type":"ACTOR"},{"name":"Fabiana Gugli","type":"ACTOR"},{"name":"Erom Cordeiro","type":"ACTOR"},{"name":"Maria Spinelli","type":"ACTOR"},{"name":"Bruno Belarmino","type":"ACTOR"},{"name":"Rui Diaz","type":"ACTOR"},{"name":"Ravel Andrade","type":"ACTOR"},{"name":"Nicolas Trevijano","type":"ACTOR"},{"name":"Mário Camargo","type":"ACTOR"},{"name":"José Alvarenga Jr.","type":"DIRECTOR"}],"genres":[{"name":"Séries"}],"duration":2460000,"synopsis":{"shortSynopsis":"No presídio, os jogadores tentam achar uma saída e são surpreendidos por mensagem de Nando. Uma verdadeira caçada se inicia. Na fuga, alguém leva a pior.","longSynopsis":"No presídio, os jogadores tentam achar uma saída e são surpreendidos por mensagem de Nando. Uma verdadeira caçada se inicia. Na fuga, alguém leva a pior."},"isEntitled":false,"expirationDateTime":1296000000,"parentalRating":{"name":"Não recomendado para menores de dezesseis anos","value":16},"purchases":[{"offerId":"11008","currencySymbol":"R$","authorizationType":"TVOD","price":129000}],"_links":{"self":{"href":"/content/crid%3A%2F%2Fschange.com%2Ftvglobo.com.br%2FTVGL1612061602470101"}}},"_links":{"self":{"href":"/contentInstances/crid%3A__schange.com%2Ftvglobo.com.br%2FTVGL1612061602470101~imi%3Ad274e520be247e6f118017fbbedd2e20~vod"},"playSession":{"method":"POST","href":"/devices/me/playsessions?instanceId=crid%3A__schange.com%2Ftvglobo.com.br%2FTVGL1612061602470101~imi%3Ad274e520be247e6f118017fbbedd2e20~vod"}}}